Size,Filters,Threads,Schedule,Chunk,Naive,OpenMP,Img2col_S,Img2col_OMP
128,32,1,dynamic,1,0.057767,0.0652095,0.0416035,0.052612
128,32,1,dynamic,2,0.03765,0.04232433333333333,0.02918577777777778,0.033278
128,32,1,dynamic,4,0.03703533333333334,0.04010222222222222,0.02881822222222222,0.030214
128,32,1,dynamic,8,0.037477333333333335,0.038149999999999996,0.029158888888888887,0.02998133333333333
128,32,1,dynamic,16,0.035733,0.036912,0.027931666666666664,0.027918666666666665
128,32,1,dynamic,32,0.03705066666666667,0.03714266666666667,0.029071333333333334,0.028
128,32,1,guided,1,0.03659333333333333,0.036575833333333335,0.028516,0.027378
128,32,1,guided,2,0.038663444444444445,0.039567,0.028757,0.02866
128,32,1,guided,4,0.039742,0.041154,0.030613,0.031139
128,32,1,guided,8,0.037455,0.03885533333333333,0.029396222222222226,0.02731
128,32,1,guided,16,0.036377999999999994,0.041086333333333336,0.029046666666666665,0.028869999999999996
128,32,1,guided,32,0.037767666666666665,0.040491,0.028985333333333335,0.028592999999999997
128,32,1,static,1,0.0383705,0.041575,0.028799833333333334,0.029552166666666668
128,32,1,static,2,0.03645866666666667,0.03876322222222222,0.028570111111111112,0.027709555555555557
128,32,1,static,4,0.03735733333333333,0.03912988888888889,0.029680888888888892,0.027501666666666664
128,32,1,static,8,0.036829,0.03852666666666667,0.02927,0.027917
128,32,1,static,16,0.03687866666666667,0.038334,0.029430666666666664,0.027785333333333332
128,32,1,static,32,0.03855733333333333,0.038753333333333334,0.029851666666666665,0.027643333333333336
128,32,2,dynamic,1,0.0371665,0.039823,0.040138,0.0373365
128,32,2,dynamic,2,0.040366,0.03249,0.032509,0.025665
128,32,2,dynamic,4,0.03710011111111111,0.027436111111111113,0.029084,0.021981444444444442
128,32,2,dynamic,8,0.037659,0.025678777777777776,0.029881222222222226,0.020557
128,32,2,dynamic,16,0.036194,0.02410166666666667,0.029465333333333333,0.018917666666666666
128,32,2,dynamic,32,0.03951266666666667,0.025146,0.030949333333333332,0.01902166666666667
128,32,2,guided,1,0.037005333333333335,0.023109499999999998,0.030766500000000002,0.0188615
128,32,2,guided,2,0.037024,0.024487,0.029291,0.019308111111111113
128,32,2,guided,4,0.037189,0.022853,0.029879,0.018871
128,32,2,guided,8,0.037313,0.025659,0.03174,0.020691
128,32,2,guided,16,0.037011999999999996,0.021255,0.02938866666666667,0.020098666666666667
128,32,2,guided,32,0.036801,0.023497,0.029566,0.02054966666666667
128,32,2,static,1,0.038678500000000005,0.030620500000000002,0.03312,0.022759500000000002
128,32,2,static,2,0.036961777777777774,0.02861,0.03183888888888889,0.023362
128,32,2,static,4,0.03854944444444444,0.026516,0.030409,0.024327
128,32,2,static,8,0.036914444444444444,0.029172,0.031558,0.025
128,32,2,static,16,0.03755033333333333,0.028048666666666666,0.031182666666666664,0.019661333333333333
128,32,2,static,32,0.038740666666666666,0.025137333333333334,0.029045666666666668,0.021784
128,32,4,dynamic,1,0.0368495,0.024591000000000002,0.0321155,0.02283416666666667
128,32,4,dynamic,2,0.038518555555555556,0.020894,0.032522444444444444,0.016962777777777778
128,32,4,dynamic,4,0.038208,0.016991888888888886,0.03258744444444444,0.013638
128,32,4,dynamic,8,0.037952,0.014929222222222224,0.030867,0.013064
128,32,4,dynamic,16,0.037487333333333324,0.014890333333333334,0.030440666666666668,0.012186666666666667
128,32,4,dynamic,32,0.038608,0.012888,0.031628,0.012402000000000002
128,32,4,guided,1,0.0843705,0.0199065,0.047838,0.023035
128,32,4,guided,2,0.03898733333333334,0.014503,0.03113944444444445,0.011834222222222222
128,32,4,guided,4,0.03820944444444444,0.014629,0.03079933333333333,0.011864
128,32,4,guided,8,0.036848,0.016357,0.03151288888888889,0.011562
128,32,4,guided,16,0.03763733333333333,0.014952,0.03378133333333334,0.012194333333333335
128,32,4,guided,32,0.04089633333333333,0.015562333333333333,0.034281,0.012263666666666668
128,32,4,static,1,0.0441915,0.022671,0.0349625,0.027867499999999996
128,32,4,static,2,0.037613,0.018167222222222223,0.034909,0.015339222222222223
128,32,4,static,4,0.03750777777777778,0.017930222222222222,0.03245266666666667,0.014909444444444444
128,32,4,static,8,0.03783977777777778,0.017602777777777776,0.033688,0.014940666666666666
128,32,4,static,16,0.037080666666666665,0.017290333333333335,0.033216,0.014496999999999998
128,32,4,static,32,0.038455666666666666,0.016714333333333335,0.03186733333333333,0.014368666666666667
128,32,8,dynamic,1,0.044372,0.024593499999999997,0.042105000000000004,0.0235165
128,32,8,dynamic,2,0.039805,0.014306,0.034337,0.013279
128,32,8,dynamic,4,0.043199,0.010285,0.036782,0.009239
128,32,8,dynamic,8,0.043536,0.00881,0.034353,0.008467111111111113
128,32,8,dynamic,16,0.04265633333333333,0.009388,0.03776466666666667,0.008783
128,32,8,dynamic,32,0.057879,0.009407,0.037623333333333335,0.007658000000000001
128,32,8,guided,1,0.038252,0.0088415,0.0339845,0.007718000000000001
128,32,8,guided,2,0.041214,0.008642,0.034962,0.007620444444444444
128,32,8,guided,4,0.047236,0.009803,0.032664,0.007537
128,32,8,guided,8,0.037866,0.009145,0.033812,0.008049
128,32,8,guided,16,0.038639,0.008413333333333333,0.03499033333333334,0.00813
128,32,8,guided,32,0.042972333333333335,0.015418,0.03898033333333333,0.008194666666666668
128,32,8,static,1,0.0367605,0.015249500000000001,0.033402,0.009018499999999999
128,32,8,static,2,0.03786055555555556,0.009795,0.033189,0.008374111111111112
128,32,8,static,4,0.040859,0.010434,0.034892,0.008571111111111111
128,32,8,static,8,0.037776,0.009151,0.031562,0.008310666666666668
128,32,8,static,16,0.038482,0.009521,0.036202,0.009387
128,32,8,static,32,0.041574999999999994,0.010509,0.036271,0.008317666666666668
128,32,12,dynamic,1,0.0443545,0.030273500000000002,0.038083,0.0222575
128,32,12,dynamic,2,0.04036700000000001,0.022545,0.037667,0.0162
128,32,12,dynamic,4,0.044328,0.01683,0.03780700000000001,0.013525
128,32,12,dynamic,8,0.040367,0.015436,0.037089,0.008889
128,32,12,dynamic,16,0.043393,0.01561,0.038057,0.008048
128,32,12,dynamic,32,0.041377333333333335,0.015539,0.035649,0.013285
128,32,12,guided,1,0.038552,0.0190865,0.038469,0.0092715
128,32,12,guided,2,0.038622,0.015025,0.037068,0.008459
128,32,12,guided,4,0.048176,0.019723,0.038478,0.011181
128,32,12,guided,8,0.038578,0.017913,0.03629,0.009677
128,32,12,guided,16,0.03879666666666667,0.021256,0.038946666666666664,0.009712
128,32,12,guided,32,0.047024,0.01995133333333333,0.046084,0.010061
128,32,12,static,1,0.045245,0.0229205,0.037543,0.0129645
128,32,12,static,2,0.03742033333333333,0.01944,0.037091,0.011703
128,32,12,static,4,0.062882,0.023627,0.058976,0.018295
128,32,12,static,8,0.045988,0.022628,0.03813166666666667,0.012991
128,32,12,static,16,0.04419,0.021248,0.03833,0.013353666666666666
128,32,12,static,32,0.039262,0.020059,0.042211,0.014028
128,64,1,dynamic,1,0.075036,0.09848516666666668,0.057911,0.07791116666666666
128,64,1,dynamic,2,0.082865,0.089471,0.059232,0.068153
128,64,1,dynamic,4,0.081841,0.089239,0.061753,0.065742
128,64,1,dynamic,8,0.076915,0.078502,0.05881444444444444,0.061878444444444444
128,64,1,dynamic,16,0.07239766666666667,0.07398066666666667,0.055238666666666665,0.05479866666666666
128,64,1,dynamic,32,0.07659866666666666,0.079327,0.057425000000000004,0.05663
128,64,1,guided,1,0.075047,0.07430550000000001,0.057276,0.054635500000000004
128,64,1,guided,2,0.07608677777777778,0.075196,0.05851644444444445,0.056207
128,64,1,guided,4,0.07329588888888888,0.07465,0.055795,0.053114
128,64,1,guided,8,0.07701788888888889,0.076584,0.063762,0.057432
128,64,1,guided,16,0.075691,0.07851033333333333,0.05629000000000001,0.053677333333333334
128,64,1,guided,32,0.07169633333333335,0.08366333333333335,0.05766766666666667,0.05424199999999999
128,64,1,static,1,0.07549449999999999,0.084912,0.06246600000000001,0.057493
128,64,1,static,2,0.073716,0.07818755555555557,0.05663522222222222,0.05459011111111111
128,64,1,static,4,0.073933,0.078548,0.05742,0.054571
128,64,1,static,8,0.076396,0.08405,0.055407,0.055518
128,64,1,static,16,0.079065,0.103673,0.083856,0.072175
128,64,1,static,32,0.09955566666666667,0.087301,0.077179,0.07528
128,64,2,dynamic,1,0.08911949999999999,0.0791435,0.06355416666666668,0.066625
128,64,2,dynamic,2,0.082006,0.06437577777777778,0.066536,0.050705
128,64,2,dynamic,4,0.083306,0.05767455555555556,0.063185,0.044714
128,64,2,dynamic,8,0.078278,0.052551,0.060706,0.043445
128,64,2,dynamic,16,0.074914,0.051619,0.061866000000000004,0.039237333333333325
128,64,2,dynamic,32,0.07841366666666667,0.045412,0.062544,0.044444333333333336
128,64,2,guided,1,0.0790155,0.0498515,0.06319150000000001,0.0386215
128,64,2,guided,2,0.075054,0.050536,0.060089,0.038058
128,64,2,guided,4,0.07797022222222222,0.04968,0.058378,0.03749644444444445
128,64,2,guided,8,0.075551,0.049944,0.058550333333333336,0.037339
128,64,2,guided,16,0.07501233333333333,0.05523366666666666,0.05733166666666667,0.03956666666666667
128,64,2,guided,32,0.07547566666666666,0.048621,0.05914466666666667,0.039821333333333334
128,64,2,static,1,0.0738085,0.05894966666666667,0.057856500000000005,0.046527
128,64,2,static,2,0.076404,0.056683,0.060068222222222224,0.041959
128,64,2,static,4,0.078693,0.05481833333333333,0.063815,0.048569
128,64,2,static,8,0.076451,0.055528,0.059528,0.041276
128,64,2,static,16,0.07883033333333332,0.05605333333333334,0.06585666666666667,0.046311
128,64,2,static,32,0.093866,0.05673400000000001,0.07987133333333334,0.04471066666666667
128,64,4,dynamic,1,0.0742835,0.047901,0.060034333333333335,0.0451
128,64,4,dynamic,2,0.079268,0.03958177777777777,0.061799,0.032490111111111115
128,64,4,dynamic,4,0.08116,0.035775,0.061061,0.027488
128,64,4,dynamic,8,0.077108,0.031156777777777773,0.06388344444444444,0.026328
128,64,4,dynamic,16,0.08032399999999999,0.03345766666666667,0.06167433333333333,0.023813
128,64,4,dynamic,32,0.07703866666666666,0.035986,0.06184533333333333,0.024005666666666665
128,64,4,guided,1,0.07770650000000001,0.028338000000000002,0.0615815,0.0232675
128,64,4,guided,2,0.081218,0.029082,0.064602,0.022293
128,64,4,guided,4,0.079639,0.030504,0.059881,0.022546
128,64,4,guided,8,0.081644,0.030367,0.064197,0.023748
128,64,4,guided,16,0.10444933333333334,0.031164666666666663,0.08765266666666667,0.026303999999999998
128,64,4,guided,32,0.10364766666666665,0.031595000000000005,0.088034,0.025588333333333334
128,64,4,static,1,0.07440050000000001,0.036956833333333335,0.058800333333333336,0.03074033333333333
128,64,4,static,2,0.074748,0.03554766666666667,0.061216,0.028974111111111114
128,64,4,static,4,0.07564611111111112,0.036043222222222226,0.062249,0.028741111111111113
128,64,4,static,8,0.0765788888888889,0.036115,0.061226,0.027742777777777776
128,64,4,static,16,0.080778,0.03418633333333333,0.063606,0.028056333333333332
128,64,4,static,32,0.07602066666666667,0.035017,0.06424233333333333,0.02588333333333333
128,64,8,dynamic,1,0.0747945,0.04086533333333334,0.062776,0.0412605
128,64,8,dynamic,2,0.077892,0.027607,0.065698,0.022916222222222223
128,64,8,dynamic,4,0.079495,0.02308,0.063362,0.016252
128,64,8,dynamic,8,0.079492,0.020147,0.064372,0.014899
128,64,8,dynamic,16,0.08089066666666667,0.018861333333333334,0.06607466666666667,0.013673
128,64,8,dynamic,32,0.082811,0.018586,0.067119,0.014386000000000001
128,64,8,guided,1,0.0771455,0.017021,0.05973233333333333,0.013311499999999999
128,64,8,guided,2,0.075858,0.018254,0.061496,0.014342
128,64,8,guided,4,0.082912,0.025916,0.06717228571428571,0.015219
128,64,8,guided,8,0.0824685,0.020599,0.06639300000000001,0.015331999999999998
128,64,8,guided,16,0.07749166666666667,0.019361,0.059548333333333335,0.014127666666666665
128,64,8,guided,32,0.074249,0.025987,0.06762166666666666,0.014380333333333334
128,64,8,static,1,0.07758100000000001,0.025668499999999997,0.06489066666666667,0.015278666666666668
128,64,8,static,2,0.083037,0.020791,0.070304,0.016094
128,64,8,static,4,0.091667,0.0255,0.06628,0.015688333333333332
128,64,8,static,8,0.074643,0.020505,0.062447,0.016372
128,64,8,static,16,0.116605,0.022002,0.073876,0.016305666666666666
128,64,8,static,32,0.116403,0.021778333333333334,0.087104,0.022848
128,64,12,dynamic,1,0.077158,0.05224766666666667,0.06429733333333333,0.041038
128,64,12,dynamic,2,0.07675499999999999,0.035091500000000005,0.06386700000000001,0.025455499999999995
128,64,12,dynamic,4,0.07830016666666667,0.027309,0.066478,0.01714
128,64,12,dynamic,8,0.07726000000000001,0.027235166666666668,0.0658395,0.0180245
128,64,12,dynamic,16,0.079945,0.021719,0.079369,0.013951
128,64,12,dynamic,32,0.104866,0.027260666666666666,0.070499,0.014011999999999998
128,64,12,guided,1,0.08082666666666667,0.028520666666666666,0.061923000000000006,0.01632866666666667
128,64,12,guided,2,0.0903915,0.0256215,0.073514,0.016279000000000002
128,64,12,guided,4,0.089798,0.0262465,0.06460199999999999,0.015682500000000002
128,64,12,guided,8,0.077374,0.032044500000000004,0.063541,0.017770333333333332
128,64,12,guided,16,0.098453,0.029965,0.072894,0.01677466666666667
128,64,12,guided,32,0.10420566666666668,0.03333166666666667,0.08179833333333333,0.017227
128,64,12,static,1,0.08236166666666667,0.027641333333333334,0.06412666666666667,0.019404333333333332
128,64,12,static,2,0.084252,0.03149,0.066507,0.018798000000000002
128,64,12,static,4,0.0765785,0.031355999999999995,0.064437,0.021913500000000002
128,64,12,static,8,0.077513,0.0301275,0.0647015,0.019462
128,64,12,static,16,0.07602566666666667,0.035404333333333336,0.06213133333333334,0.021989666666666668
128,64,12,static,32,0.07646766666666667,0.031733333333333336,0.060637666666666666,0.019230333333333332
128,128,1,dynamic,1,0.148363,0.19811533333333334,0.111382,0.163532
128,128,1,dynamic,2,0.14996,0.168933,0.11622616666666669,0.1317741666666667
128,128,1,dynamic,4,0.162158,0.195431,0.110653,0.141584
128,128,1,dynamic,8,0.14986349999999998,0.200649,0.1416085,0.166964
128,128,1,dynamic,16,0.16336733333333334,0.20506,0.169661,0.114963
128,128,1,dynamic,32,0.14429166666666668,0.14688366666666666,0.11505533333333333,0.108072
128,128,1,guided,1,0.145054,0.148222,0.11526,0.104911
128,128,1,guided,2,0.14654316666666664,0.1543425,0.1110765,0.1066265
128,128,1,guided,4,0.151384,0.15066116666666668,0.11093033333333334,0.10752400000000001
128,128,1,guided,8,0.14993766666666666,0.15596516666666668,0.1102795,0.1067015
128,128,1,guided,16,0.14830033333333334,0.15538766666666667,0.10978866666666666,0.10633533333333334
128,128,1,guided,32,0.154693,0.17948866666666666,0.13524966666666666,0.12300700000000002
128,128,1,static,1,0.15185766666666667,0.169332,0.111984,0.115055
128,128,1,static,2,0.14949849999999998,0.15953316666666667,0.11431016666666667,0.111572
128,128,1,static,4,0.15037,0.159814,0.11419599999999999,0.10877066666666667
128,128,1,static,8,0.14853466666666668,0.15292966666666666,0.11621583333333331,0.10572100000000001
128,128,1,static,16,0.15075533333333332,0.15253233333333333,0.11274766666666668,0.10647633333333333
128,128,1,static,32,0.148429,0.14881433333333335,0.11087399999999999,0.10530466666666667
128,128,2,dynamic,1,0.14531233333333335,0.16603666666666664,0.110299,0.137074
128,128,2,dynamic,2,0.151591,0.12404699999999999,0.11151816666666668,0.09586816666666666
128,128,2,dynamic,4,0.1497965,0.11662366666666667,0.11324933333333333,0.0858135
128,128,2,dynamic,8,0.14900983333333334,0.10125616666666666,0.11356,0.0812815
128,128,2,dynamic,16,0.14735399999999998,0.09754066666666666,0.11609799999999999,0.07903700000000001
128,128,2,dynamic,32,0.147479,0.11812,0.208919,0.110318
128,128,2,guided,1,0.149186,0.08838,0.115463,0.08009766666666666
128,128,2,guided,2,0.212754,0.11024199999999999,0.1595075,0.1090035
128,128,2,guided,4,0.147055,0.1007105,0.11111216666666668,0.06670183333333334
128,128,2,guided,8,0.14580550000000003,0.085976,0.11137383333333334,0.07647150000000001
128,128,2,guided,16,0.14568533333333333,0.092883,0.11085333333333335,0.06453500000000001
128,128,2,guided,32,0.14496166666666666,0.089765,0.11022966666666667,0.06826733333333333
128,128,2,static,1,0.159844,0.11162933333333332,0.13650766666666667,0.08556166666666666
128,128,2,static,2,0.1501355,0.10540216666666669,0.12129316666666666,0.0851615
128,128,2,static,4,0.14950966666666665,0.10769499999999999,0.1347545,0.080402
128,128,2,static,8,0.15216616666666666,0.09799816666666666,0.113567,0.0743085
128,128,2,static,16,0.14975733333333333,0.102401,0.11705833333333333,0.07736366666666666
128,128,2,static,32,0.149691,0.10688,0.114718,0.07940833333333334
128,128,4,dynamic,1,0.146155,0.09477866666666666,0.12566133333333332,0.08612866666666667
128,128,4,dynamic,2,0.1874565,0.08949299999999999,0.1288995,0.06487583333333334
128,128,4,dynamic,4,0.16254083333333333,0.06764316666666666,0.1238885,0.05626266666666666
128,128,4,dynamic,8,0.1501985,0.06373300000000001,0.12117733333333332,0.05103916666666667
128,128,4,dynamic,16,0.147832,0.060388,0.11412633333333333,0.047751999999999996
128,128,4,dynamic,32,0.14938966666666667,0.059816666666666664,0.11585733333333333,0.045301666666666664
128,128,4,guided,1,0.15696,0.07716966666666665,0.115399,0.047166999999999994
128,128,4,guided,2,0.15133083333333333,0.058726,0.11743183333333333,0.04281483333333334
128,128,4,guided,4,0.15005616666666668,0.0625005,0.11647083333333334,0.04333283333333333
128,128,4,guided,8,0.147088,0.055243,0.114487,0.04500316666666666
128,128,4,guided,16,0.14696466666666666,0.06058933333333333,0.11397033333333334,0.045885
128,128,4,guided,32,0.148564,0.06641999999999999,0.158924,0.051653
128,128,4,static,1,0.150305,0.071293,0.123197,0.050408
128,128,4,static,2,0.15538333333333335,0.06852433333333331,0.1187325,0.051519499999999996
128,128,4,static,4,0.15113,0.06777549999999999,0.11477833333333333,0.0550135
128,128,4,static,8,0.1575295,0.07194133333333334,0.11412033333333334,0.05412783333333334
128,128,4,static,16,0.151669,0.073526,0.164424,0.057034
128,128,4,static,32,0.21286733333333333,0.08488333333333335,0.17917266666666667,0.054879333333333336
128,128,8,dynamic,1,0.150104,0.08930566666666667,0.121487,0.07983566666666668
128,128,8,dynamic,2,0.16183999999999998,0.058771500000000004,0.12042616666666667,0.041944
128,128,8,dynamic,4,0.147209,0.04648549999999999,0.11542150000000001,0.032232000000000004
128,128,8,dynamic,8,0.14673466666666665,0.0383705,0.134514,0.0302075
128,128,8,dynamic,16,0.147486,0.038426,0.113641,0.028584333333333337
128,128,8,dynamic,32,0.155504,0.04101933333333333,0.11295200000000001,0.026518333333333335
128,128,8,guided,1,0.15117833333333333,0.044789999999999996,0.11597566666666666,0.027642666666666666
128,128,8,guided,2,0.14546599999999998,0.0427385,0.12274399999999999,0.027978
128,128,8,guided,4,0.1884775,0.046859,0.14727400000000002,0.030344000000000003
128,128,8,guided,8,0.19234800000000002,0.0427225,0.141227,0.029924
128,128,8,guided,16,0.152036,0.042163,0.125119,0.028107333333333335
128,128,8,guided,32,0.15492933333333334,0.040953,0.119103,0.028081333333333333
128,128,8,static,1,0.15356433333333333,0.04789933333333333,0.12391999999999999,0.03677866666666666
128,128,8,static,2,0.20946199999999998,0.046385,0.155437,0.032309500000000005
128,128,8,static,4,0.20289000000000001,0.04629066666666667,0.1529815,0.034144
128,128,8,static,8,0.146818,0.04476866666666667,0.1212685,0.031925499999999996
128,128,8,static,16,0.205948,0.043720666666666665,0.111973,0.02994166666666666
128,128,8,static,32,0.14641,0.044304333333333334,0.11817133333333334,0.031273333333333334
128,128,12,dynamic,1,0.19604933333333333,0.09508,0.15785866666666667,0.08215533333333333
128,128,12,dynamic,2,0.157779,0.059357,0.13314966666666667,0.04500266666666667
128,128,12,dynamic,4,0.151039,0.043472,0.12325599999999999,0.028450666666666666
128,128,12,dynamic,8,0.1691185,0.040419666666666666,0.1326725,0.025925999999999998
128,128,12,dynamic,16,0.150608,0.040563666666666665,0.127704,0.029287
128,128,12,dynamic,32,0.24416566666666664,0.047327666666666664,0.19631933333333332,0.03569133333333333
128,128,12,guided,1,0.17487,0.048211,0.17559166666666667,0.030666
128,128,12,guided,2,0.16696,0.053333000000000005,0.16477999999999998,0.0323665
128,128,12,guided,4,0.17396099999999998,0.041381,0.1291685,0.0261935
128,128,12,guided,8,0.15139750000000002,0.047428,0.118311,0.028183
128,128,12,guided,16,0.189643,0.040327,0.11744566666666667,0.025663000000000002
128,128,12,guided,32,0.1465796666666667,0.043466666666666674,0.11579766666666667,0.024267999999999998
128,128,12,static,1,0.15616133333333335,0.053601,0.12298666666666665,0.033035666666666665
128,128,12,static,2,0.175182,0.052715,0.150625,0.035958000000000004
128,128,12,static,4,0.15493483333333333,0.052282499999999996,0.12298850000000001,0.0360305
128,128,12,static,8,0.15735999999999997,0.052015833333333324,0.12907733333333335,0.03398433333333333
128,128,12,static,16,0.14910233333333334,0.04799433333333333,0.12311666666666665,0.033625999999999996
128,128,12,static,32,0.16477733333333333,0.050413000000000006,0.118323,0.03143
128,512,1,dynamic,2,0.5846956666666667,0.6661683333333333,0.465969,0.532266
128,512,1,dynamic,4,0.574072,0.6322713333333333,0.45635200000000004,0.4856196666666667
128,512,1,dynamic,8,0.589897,0.607793,0.4567206666666667,0.497405
128,512,1,dynamic,16,0.6301953333333333,0.632797,0.4970636666666666,0.501579
128,512,1,dynamic,32,0.575168,0.58045,0.45225333333333334,0.4378853333333334
128,512,1,guided,2,0.61126,0.731319,0.450994,0.442105
128,512,1,guided,4,0.5855026666666666,0.6230543333333333,0.45546966666666666,0.44211433333333333
128,512,1,guided,8,0.5742473333333333,0.616337,0.4479,0.44637299999999996
128,512,1,guided,16,0.5837156666666666,0.624,0.4654,0.448401
128,512,1,guided,32,0.5938743333333333,0.6344846666666667,0.46863933333333335,0.4783983333333333
128,512,1,static,1,0.6451766666666666,0.772436,0.457099,0.47159633333333334
128,512,1,static,2,0.586577,0.6393979999999999,0.49892749999999997,0.4778985
128,512,1,static,4,0.6013618333333334,0.657199,0.493771,0.4692898333333333
128,512,1,static,8,0.593738,0.600068,0.461034,0.4369003333333333
128,512,1,static,16,0.573827,0.582724,0.45024233333333336,0.423652
128,512,1,static,32,0.6356313333333333,0.5852426666666667,0.45889,0.445687
128,512,2,dynamic,2,0.5802106666666668,0.458612,0.45771366666666663,0.39269
128,512,2,dynamic,4,0.580562,0.464566,0.4706343333333334,0.36345999999999995
128,512,2,dynamic,8,0.5750603333333333,0.3855746666666667,0.45600733333333326,0.308413
128,512,2,dynamic,16,0.5818223333333333,0.38534699999999994,0.4566623333333333,0.30615866666666663
128,512,2,dynamic,32,0.647017,0.3808473333333333,0.505976,0.31639599999999996
128,512,2,guided,2,0.6652773333333334,0.4043206666666667,0.5059146666666666,0.30894466666666665
128,512,2,guided,4,0.6497,0.408396,0.49223833333333333,0.283605
128,512,2,guided,8,0.5907943333333333,0.3915246666666667,0.45779966666666666,0.296465
128,512,2,guided,16,0.581622,0.415027,0.47043799999999997,0.28026533333333337
128,512,2,guided,32,0.593951,0.382527,0.4883853333333333,0.28704799999999997
128,512,2,static,2,0.639236,0.386231,0.454174,0.277739
128,512,2,static,4,0.5787599999999999,0.3850466666666667,0.4497453333333333,0.302745
128,512,2,static,8,0.6014486666666666,0.431595,0.454612,0.29308533333333336
128,512,2,static,16,0.5826876666666667,0.390975,0.46077866666666667,0.3017743333333333
128,512,2,static,32,0.6075283333333333,0.344492,0.455709,0.25016
128,512,4,dynamic,2,0.606827,0.3382623333333334,0.49289066666666664,0.258152
128,512,4,dynamic,4,0.64759,0.28568,0.509652,0.22166166666666665
128,512,4,dynamic,8,0.652774,0.247868,0.501539,0.191751
128,512,4,dynamic,16,0.670301,0.23534366666666665,0.540844,0.18539066666666668
128,512,4,dynamic,32,0.5920176666666667,0.22278866666666666,0.481253,0.17960600000000002
128,512,4,guided,2,0.817294,0.25133633333333333,0.48125333333333337,0.18337900000000004
128,512,4,guided,4,0.589639,0.23573600000000003,0.466489,0.186122
128,512,4,guided,8,0.5903776666666668,0.226495,0.4711076666666667,0.1910523333333333
128,512,4,guided,16,0.603303,0.2448693333333333,0.46717733333333333,0.17625033333333331
128,512,4,guided,32,0.5783413333333333,0.214352,0.453867,0.1689963333333333
128,512,4,static,2,0.6165556666666666,0.264654,0.520479,0.18904666666666667
128,512,4,static,4,0.5918186666666667,0.251539,0.48528366666666667,0.18567433333333336
128,512,4,static,8,0.632607,0.294225,0.510697,0.1860436666666667
128,512,4,static,16,0.6098496666666667,0.243548,0.50166,0.18808866666666668
128,512,4,static,32,0.6510889999999999,0.277738,0.519905,0.19886066666666666
128,512,8,dynamic,2,0.5812413333333334,0.22380533333333333,0.4768063333333334,0.16534
128,512,8,dynamic,4,0.5920596666666667,0.18018733333333334,0.47413,0.13463666666666665
128,512,8,dynamic,8,0.5824699999999999,0.15838633333333332,0.472204,0.11956
128,512,8,dynamic,16,0.5836873333333333,0.155412,0.4627463333333333,0.11436600000000001
128,512,8,dynamic,32,0.5834,0.149086,0.4593103333333333,0.109942
128,512,8,guided,2,0.5832226666666667,0.15436166666666665,0.46571333333333337,0.11207233333333334
128,512,8,guided,4,0.654232,0.1619843333333333,0.670807,0.11961366666666666
128,512,8,guided,8,0.6011380000000001,0.15489466666666665,0.501093,0.11081333333333333
128,512,8,guided,16,0.606444,0.15104733333333334,0.49877033333333337,0.11397666666666667
128,512,8,guided,32,0.627345,0.157326,0.462376,0.10995833333333334
128,512,8,static,2,0.5772173333333334,0.1666466666666667,0.46981566666666663,0.122193
128,512,8,static,4,0.5837466666666667,0.17360799999999998,0.46445000000000003,0.12426299999999997
128,512,8,static,8,0.584981,0.16573833333333335,0.467022,0.12492133333333333
128,512,8,static,16,0.5959433333333334,0.163036,0.4616006666666667,0.12242133333333334
128,512,8,static,32,0.6052063333333333,0.17069366666666666,0.466176,0.12405499999999998
128,512,12,dynamic,2,0.597932,0.19873966666666665,0.472889,0.1700366666666667
128,512,12,dynamic,4,0.595958,0.156752,0.485807,0.113304
128,512,12,dynamic,8,0.5874816666666666,0.13130633333333333,0.46820633333333334,0.09712900000000001
128,512,12,dynamic,16,0.6039673333333333,0.133048,0.481424,0.102582
128,512,12,dynamic,32,0.58928,0.125164,0.476719,0.098151
128,512,12,guided,2,0.59846,0.14248233333333335,0.47111366666666665,0.106016
128,512,12,guided,4,0.6002696666666667,0.139568,0.479831,0.099103
128,512,12,guided,8,0.587422,0.127799,0.477365,0.098745
128,512,12,guided,16,0.586167,0.12679566666666667,0.46206833333333336,0.096145
128,512,12,guided,32,0.584165,0.14248400000000003,0.47201,0.106086
128,512,12,static,2,0.593114,0.15993933333333332,0.476644,0.11757000000000001
128,512,12,static,4,0.6037963333333333,0.170338,0.4813966666666667,0.12619599999999997
128,512,12,static,8,0.5877006666666666,0.17279366666666665,0.4709723333333333,0.12342966666666666
128,512,12,static,16,0.733988,0.18340299999999998,0.677527,0.13787933333333333
128,512,12,static,32,0.5971866666666666,0.16807700000000003,0.49216499999999996,0.11936333333333334
256,32,1,dynamic,2,0.14905633333333332,0.16840433333333335,0.11654666666666667,0.13287799999999997
256,32,1,dynamic,4,0.1468,0.16387433333333334,0.11606633333333333,0.124824
256,32,1,dynamic,8,0.14844966666666667,0.154477,0.119088,0.129154
256,32,1,dynamic,16,0.160534,0.155462,0.118879,0.11822133333333333
256,32,1,dynamic,32,0.14766900000000002,0.14883933333333335,0.11639633333333332,0.11281966666666667
256,32,1,guided,2,0.150379,0.175103,0.12377933333333334,0.123723
256,32,1,guided,4,0.147131,0.15317,0.11791,0.11280066666666666
256,32,1,guided,8,0.14702,0.15536833333333333,0.118647,0.11249366666666666
256,32,1,guided,16,0.148677,0.185589,0.11699,0.116458
256,32,1,guided,32,0.145862,0.152715,0.117423,0.11076433333333334
256,32,1,static,2,0.149121,0.15533466666666665,0.11724,0.11097299999999999
256,32,1,static,4,0.14711966666666668,0.15464333333333333,0.11732,0.110128
256,32,1,static,8,0.147209,0.148586,0.115905,0.10851233333333332
256,32,1,static,16,0.14427666666666664,0.147689,0.11456499999999999,0.106978
256,32,1,static,32,0.14836,0.147554,0.116412,0.114343
256,32,2,dynamic,2,0.14656566666666668,0.12464133333333334,0.120238,0.105722
256,32,2,dynamic,4,0.172826,0.10502,0.116291,0.085471
256,32,2,dynamic,8,0.14731833333333333,0.09878033333333334,0.11768066666666667,0.07945266666666667
256,32,2,dynamic,16,0.14590266666666665,0.093595,0.11620399999999999,0.07892400000000001
256,32,2,dynamic,32,0.218656,0.090798,0.118011,0.081188
256,32,2,guided,2,0.14883,0.10270633333333334,0.11980066666666667,0.078611
256,32,2,guided,4,0.14813033333333334,0.09894933333333333,0.121747,0.07968266666666667
256,32,2,guided,8,0.14678566666666668,0.09237233333333333,0.12122966666666668,0.082723
256,32,2,guided,16,0.225553,0.122955,0.11911,0.081494
256,32,2,guided,32,0.14620666666666668,0.08818166666666666,0.11621566666666666,0.07469433333333333
256,32,2,static,2,0.14720866666666665,0.09406700000000001,0.11625466666666666,0.068852
256,32,2,static,4,0.145257,0.096739,0.11711933333333331,0.07474866666666667
256,32,2,static,8,0.145827,0.134018,0.153842,0.093422
256,32,2,static,16,0.147787,0.10276766666666666,0.12127866666666669,0.08614166666666667
256,32,2,static,32,0.151505,0.11147299999999999,0.117988,0.08119533333333334
256,32,4,dynamic,2,0.14708000000000002,0.08301466666666668,0.12104766666666666,0.07032900000000002
256,32,4,dynamic,4,0.185532,0.101114,0.147159,0.063457
256,32,4,dynamic,8,0.157423,0.06117033333333333,0.13767,0.05314833333333333
256,32,4,dynamic,16,0.163319,0.054572666666666665,0.13173033333333334,0.04947966666666667
256,32,4,dynamic,32,0.188559,0.06459866666666665,0.154162,0.056928
256,32,4,guided,2,0.17621,0.060271,0.158424,0.05200633333333333
256,32,4,guided,4,0.18981033333333333,0.06060133333333333,0.136132,0.053612
256,32,4,guided,8,0.16521733333333335,0.064539,0.137856,0.05556266666666667
256,32,4,guided,16,0.225854,0.071534,0.13352833333333333,0.05483433333333334
256,32,4,guided,32,0.15075566666666668,0.05827066666666667,0.120711,0.050460000000000005
256,32,4,static,2,0.145521,0.06641766666666667,0.11850433333333332,0.053102
256,32,4,static,4,0.14514033333333334,0.06923866666666667,0.11619666666666667,0.058478333333333334
256,32,4,static,8,0.15497566666666665,0.077503,0.11932,0.057763
256,32,4,static,16,0.14720666666666668,0.06981633333333333,0.121493,0.06081466666666666
256,32,4,static,32,0.146118,0.06174466666666667,0.12050233333333334,0.058409666666666665
256,32,8,dynamic,2,0.19067,0.06091066666666667,0.15341366666666667,0.049915666666666664
256,32,8,dynamic,4,0.17726766666666668,0.046119,0.147953,0.03687733333333333
256,32,8,dynamic,8,0.166213,0.04233366666666666,0.13751,0.03552266666666667
256,32,8,dynamic,16,0.1549263333333333,0.040674666666666665,0.135628,0.03462966666666667
256,32,8,dynamic,32,0.16151566666666667,0.039899333333333335,0.13177233333333332,0.03276433333333333
256,32,8,guided,2,0.1685033333333333,0.041354,0.15165733333333334,0.033176333333333335
256,32,8,guided,4,0.164048,0.03783,0.14970766666666668,0.032941000000000005
256,32,8,guided,8,0.158709,0.036032,0.136762,0.030640666666666667
256,32,8,guided,16,0.18586633333333333,0.037875,0.12805,0.02904666666666667
256,32,8,guided,32,0.150328,0.04219133333333333,0.12903233333333333,0.030018
256,32,8,static,2,0.150078,0.049316,0.146152,0.03960666666666667
256,32,8,static,4,0.15161899999999998,0.04597299999999999,0.12449266666666665,0.03859
256,32,8,static,8,0.164512,0.04317766666666667,0.13542833333333335,0.037092999999999994
256,32,8,static,16,0.18280833333333332,0.045538,0.147845,0.037423
256,32,8,static,32,0.17664933333333335,0.045037999999999995,0.14933833333333332,0.043515
256,32,12,dynamic,2,0.15505366666666667,0.059318,0.134164,0.05336733333333333
256,32,12,dynamic,4,0.169712,0.062567,0.129157,0.041915
256,32,12,dynamic,8,0.21275999999999998,0.051118,0.13863066666666668,0.034206
256,32,12,dynamic,16,0.16763266666666668,0.044796,0.14732566666666666,0.034680333333333334
256,32,12,dynamic,32,0.1608166666666667,0.041440000000000005,0.132136,0.038287666666666664
256,32,12,guided,2,0.17021933333333336,0.04966333333333334,0.14064166666666666,0.041346
256,32,12,guided,4,0.160939,0.046592999999999996,0.15381233333333333,0.03838966666666666
256,32,12,guided,8,0.179901,0.05662266666666666,0.146813,0.035096
256,32,12,guided,16,0.15374,0.04406000000000001,0.14177599999999999,0.032002333333333334
256,32,12,guided,32,0.16077433333333335,0.039338000000000005,0.1260146666666667,0.030457
256,32,12,static,2,0.17831866666666665,0.052194,0.13714200000000001,0.043813
256,32,12,static,4,0.186805,0.054934000000000004,0.12287433333333335,0.03897133333333333
256,32,12,static,8,0.16970866666666665,0.05063366666666667,0.154454,0.043578
256,32,12,static,16,0.168757,0.050494000000000004,0.13307466666666667,0.036612
256,32,12,static,32,0.14831533333333333,0.052631000000000004,0.12403133333333334,0.037380333333333335
256,64,1,dynamic,2,0.2926056666666667,0.3331946666666667,0.22610633333333333,0.2604323333333334
256,64,1,dynamic,4,0.2915976666666667,0.31747633333333336,0.223473,0.23923499999999998
256,64,1,dynamic,8,0.292184,0.30202466666666666,0.23658833333333332,0.23774933333333334
256,64,1,dynamic,16,0.29309466666666667,0.30738266666666664,0.2267853333333333,0.222916
256,64,1,dynamic,32,0.29692399999999997,0.29271933333333333,0.24389533333333333,0.245174
256,64,1,guided,2,0.3143843333333333,0.3304773333333333,0.24403833333333333,0.24909100000000003
256,64,1,guided,4,0.34584,0.36381900000000006,0.2439553333333333,0.23536666666666664
256,64,1,guided,8,0.32416500000000004,0.34267200000000003,0.24952533333333335,0.25808000000000003
256,64,1,guided,16,0.3483873333333333,0.3376253333333333,0.264441,0.228235
256,64,1,guided,32,0.32641633333333336,0.3533486666666666,0.273646,0.262855
256,64,1,static,2,0.32664,0.3413646666666667,0.2428193333333333,0.24610833333333335
256,64,1,static,4,0.3012616666666667,0.314689,0.22924266666666668,0.21858466666666665
256,64,1,static,8,0.2998723333333333,0.311925,0.22622233333333333,0.21193566666666666
256,64,1,static,16,0.29397066666666666,0.29834,0.225094,0.21225133333333332
256,64,1,static,32,0.29296266666666665,0.294134,0.22688699999999998,0.21434733333333333
256,64,2,dynamic,2,0.3262393333333334,0.25791933333333333,0.24678199999999997,0.1900393333333333
256,64,2,dynamic,4,0.3269876666666667,0.23496999999999998,0.261304,0.17438866666666666
256,64,2,dynamic,8,0.32141100000000006,0.19823233333333334,0.24748266666666666,0.16080799999999998
256,64,2,dynamic,16,0.31220466666666663,0.181855,0.264249,0.15998766666666667
256,64,2,dynamic,32,0.30749166666666666,0.196249,0.23130133333333333,0.14947866666666668
256,64,2,guided,2,0.3106723333333334,0.19630133333333333,0.24843600000000002,0.15496666666666667
256,64,2,guided,4,0.35389966666666667,0.204229,0.2582163333333333,0.171856
256,64,2,guided,8,0.353391,0.23661500000000002,0.360254,0.193604
256,64,2,guided,16,0.4174543333333333,0.23156933333333332,0.3289433333333333,0.19289599999999998
256,64,2,guided,32,0.3401563333333333,0.20837233333333335,0.2560093333333333,0.144442
256,64,2,static,2,0.3297056666666667,0.20879366666666666,0.26879233333333336,0.168271
256,64,2,static,4,0.34806899999999996,0.219931,0.307973,0.184525
256,64,2,static,8,0.362403,0.21159566666666665,0.26888566666666663,0.16260733333333333
256,64,2,static,16,0.3486736666666667,0.2035556666666667,0.232388,0.150952
256,64,2,static,32,0.30773333333333336,0.20504199999999997,0.252707,0.16126333333333334
256,64,4,dynamic,2,0.3343483333333334,0.16799233333333333,0.25120333333333333,0.12949333333333332
256,64,4,dynamic,4,0.3354253333333333,0.139008,0.2563286666666667,0.106424
256,64,4,dynamic,8,0.30435300000000004,0.125579,0.243076,0.10168366666666667
256,64,4,dynamic,16,0.3194093333333333,0.12279966666666665,0.251534,0.09889066666666667
256,64,4,dynamic,32,0.41081100000000004,0.14945533333333336,0.35897399999999996,0.10730666666666666
256,64,4,guided,2,0.40782533333333343,0.13884733333333335,0.364387,0.11086666666666667
256,64,4,guided,4,0.348231,0.11535566666666668,0.27302733333333334,0.087646
256,64,4,guided,8,0.3240906666666667,0.11086533333333333,0.24386466666666665,0.09003499999999999
256,64,4,guided,16,0.322629,0.11465533333333333,0.26926333333333335,0.09317666666666667
256,64,4,guided,32,0.3164673333333334,0.11797766666666666,0.23671266666666665,0.09147299999999998
256,64,4,static,2,0.3319643333333333,0.134099,0.26252733333333333,0.11254966666666666
256,64,4,static,4,0.32605433333333333,0.12296766666666666,0.249687,0.098439
256,64,4,static,8,0.3349626666666667,0.12468333333333333,0.252985,0.097923
256,64,4,static,16,0.319199,0.13562733333333332,0.29282433333333335,0.10062966666666667
256,64,4,static,32,0.328555,0.124838,0.2539763333333333,0.10364466666666666
256,64,8,dynamic,2,0.3578926666666667,0.11798266666666668,0.30415533333333333,0.08967766666666666
256,64,8,dynamic,4,0.353742,0.10190833333333334,0.2809793333333333,0.07603533333333334
256,64,8,dynamic,8,0.400625,0.08844599999999998,0.343246,0.071754
256,64,8,dynamic,16,0.43285333333333337,0.08235833333333334,0.3507933333333333,0.06678766666666666
256,64,8,dynamic,32,0.41082633333333335,0.08259433333333334,0.26632,0.064464
256,64,8,guided,2,0.32867433333333335,0.076215,0.24018233333333336,0.05761566666666667
256,64,8,guided,4,0.32167833333333334,0.08205766666666668,0.25406966666666664,0.05866833333333333
256,64,8,guided,8,0.319539,0.07562733333333332,0.2585193333333334,0.05930033333333334
256,64,8,guided,16,0.30285,0.08060466666666667,0.259153,0.05941333333333334
256,64,8,guided,32,0.3560836666666667,0.07614,0.293252,0.06209566666666667
256,64,8,static,2,0.3091816666666667,0.08909866666666666,0.267781,0.071649
256,64,8,static,4,0.3418953333333333,0.088325,0.286751,0.06860700000000002
256,64,8,static,8,0.37132566666666666,0.08666866666666666,0.2652126666666667,0.06529033333333333
256,64,8,static,16,0.343732,0.090437,0.26002733333333333,0.063817
256,64,8,static,32,0.3575373333333333,0.085328,0.2780213333333333,0.06639066666666667
256,64,12,dynamic,2,0.3551336666666667,0.11449233333333332,0.269049,0.10107966666666666
256,64,12,dynamic,4,0.5103646666666667,0.12105733333333335,0.43158500000000005,0.080449
256,64,12,dynamic,8,0.334006,0.080239,0.288192,0.058450333333333326
256,64,12,dynamic,16,0.335042,0.074594,0.263535,0.0536
256,64,12,dynamic,32,0.32666066666666665,0.07300766666666667,0.277401,0.05467666666666666
256,64,12,guided,2,0.3365016666666667,0.08127966666666667,0.258918,0.05392366666666667
256,64,12,guided,4,0.40790466666666675,0.095251,0.34959633333333334,0.076328
256,64,12,guided,8,0.324704,0.077721,0.27136166666666667,0.062262000000000005
256,64,12,guided,16,0.35499566666666665,0.086411,0.2723853333333333,0.06060666666666666
256,64,12,guided,32,0.3338463333333334,0.08092366666666667,0.25573666666666667,0.06121533333333334
256,64,12,static,2,0.3444583333333333,0.091511,0.29572200000000004,0.07561433333333334
256,64,12,static,4,0.3694113333333333,0.095489,0.26552633333333336,0.07037399999999999
256,64,12,static,8,0.3472383333333333,0.093987,0.28174933333333335,0.074066
256,64,12,static,16,0.38036833333333336,0.107229,0.28173800000000004,0.08116433333333332
256,64,12,static,32,0.33325133333333334,0.09412433333333332,0.24813666666666667,0.06961066666666665
256,128,1,dynamic,2,0.6726756666666667,0.8454823333333333,0.527426,0.588888
256,128,1,dynamic,4,0.6625169999999999,0.7302496666666666,0.493884,0.5540413333333333
256,128,1,dynamic,8,0.6311633333333333,0.688829,0.518639,0.552807
256,128,1,dynamic,16,0.627398,0.6786499999999999,0.568124,0.501154
256,128,1,dynamic,32,0.637826,0.617765,0.46113733333333334,0.4653593333333334
256,128,1,guided,2,0.6900213333333333,0.706711,0.4759,0.493545
256,128,1,guided,4,0.6491363333333333,0.6485423333333333,0.449166,0.522083
256,128,1,guided,8,0.633189,0.6952850000000002,0.48544366666666666,0.4874973333333333
256,128,1,guided,16,0.73083,0.637334,0.481441,0.497441
256,128,1,guided,32,0.6221636666666667,0.6411493333333333,0.465706,0.48372
256,128,1,static,2,0.6934100000000001,0.675647,0.532107,0.513497
256,128,1,static,4,0.631832,0.685586,0.5045003333333333,0.44376
256,128,1,static,8,0.6478286666666667,0.607543,0.449405,0.4553156666666667
256,128,1,static,16,0.599491,0.6345163333333333,0.461258,0.506672
256,128,1,static,32,0.681876,0.786223,0.547825,0.481603
256,128,2,dynamic,2,0.6598593333333334,0.529264,0.530968,0.415829
256,128,2,dynamic,4,0.6627909999999999,0.45022866666666667,0.487031,0.33004433333333333
256,128,2,dynamic,8,0.6542279999999999,0.4207796666666666,0.500284,0.340239
256,128,2,dynamic,16,0.6623063333333333,0.40829,0.502395,0.33003699999999997
256,128,2,dynamic,32,0.645523,0.385593,0.4848883333333333,0.291355
256,128,2,guided,2,0.625334,0.369852,0.497033,0.295277
256,128,2,guided,4,0.703452,0.429481,0.5063706666666666,0.30671699999999996
256,128,2,guided,8,0.637304,0.40321766666666664,0.473395,0.29727166666666666
256,128,2,guided,16,0.6520100000000001,0.3941193333333333,0.48661099999999996,0.2914893333333333
256,128,2,guided,32,0.6396893333333334,0.4069743333333333,0.5007626666666667,0.303541
256,128,2,static,2,0.662777,0.42116900000000007,0.47960200000000003,0.31610933333333335
256,128,2,static,4,0.6244916666666667,0.4237936666666666,0.4820873333333333,0.3283476666666667
256,128,2,static,8,0.608173,0.401302,0.50123,0.2840796666666667
256,128,2,static,16,0.6345053333333334,0.380894,0.496217,0.285939
256,128,2,static,32,0.6779083333333333,0.38994166666666663,0.5029923333333334,0.2976783333333333
256,128,4,dynamic,2,0.6401273333333334,0.3141576666666666,0.466596,0.25272933333333336
256,128,4,dynamic,4,0.6340946666666667,0.27281333333333335,0.5388856666666667,0.221607
256,128,4,dynamic,8,0.6614026666666667,0.2619046666666667,0.485325,0.205848
256,128,4,dynamic,16,0.6721993333333334,0.264466,0.5053529999999999,0.18879100000000001
256,128,4,dynamic,32,0.6035723333333333,0.24469333333333335,0.48356533333333335,0.18452533333333335
256,128,4,guided,2,0.5990806666666667,0.23483599999999996,0.46297133333333335,0.180773
256,128,4,guided,4,0.5976296666666666,0.23898200000000003,0.45512199999999997,0.17912033333333333
256,128,4,guided,8,0.621681,0.22569666666666666,0.45814400000000005,0.1779143333333333
256,128,4,guided,16,0.5956323333333334,0.22843033333333332,0.4572386666666666,0.18232533333333334
256,128,4,guided,32,0.6038056666666667,0.221274,0.456882,0.18990966666666664
256,128,4,static,2,0.6563136666666666,0.25208733333333333,0.48107066666666665,0.19123066666666666
256,128,4,static,4,0.645166,0.2721073333333333,0.5254866666666667,0.19787733333333332
256,128,4,static,8,0.6844526666666666,0.27065500000000003,0.51469,0.19537000000000002
256,128,4,static,16,0.66305,0.23230433333333333,0.48834,0.18224066666666663
256,128,4,static,32,0.6626123333333332,0.23529599999999998,0.5056236666666667,0.18491
256,128,8,dynamic,2,0.7329223333333333,0.2521076666666667,0.5907553333333334,0.1834083333333333
256,128,8,dynamic,4,0.9488273333333334,0.236144,0.68383,0.185152
256,128,8,dynamic,8,0.7460659999999999,0.199036,0.594931,0.158657
256,128,8,dynamic,16,0.8851396666666665,0.18163833333333335,0.5871203333333334,0.12909666666666667
256,128,8,dynamic,32,1.241786,0.219393,0.919288,0.163558
256,128,8,guided,2,1.5223479999999998,0.329047,1.0540209999999999,0.199627
256,128,8,guided,4,1.4722746666666666,0.317351,0.98358,0.174274
256,128,8,guided,8,1.660823,0.300317,1.1575753333333332,0.230766
256,128,8,guided,16,1.991127,0.4072153333333333,1.7022246666666667,0.27094033333333334
256,128,8,guided,32,2.566101,0.410326,1.7757346666666667,0.286635
256,128,8,static,2,0.5920030000000001,0.167381,0.460693,0.12166300000000001
256,128,8,static,4,0.6017483333333333,0.1652,0.45042,0.11844966666666668
256,128,8,static,8,0.6832560000000001,0.17442233333333332,0.5218453333333334,0.12314333333333333
256,128,8,static,16,0.6921020000000001,0.17209566666666667,0.5370463333333334,0.12119233333333333
256,128,8,static,32,0.7143103333333333,0.161324,0.534649,0.12271100000000001
256,128,12,dynamic,2,3.124075,0.658382,1.7854299999999999,0.4959193333333333
256,128,12,dynamic,4,3.146599666666667,0.600732,2.131292,0.375688
256,128,12,dynamic,8,2.7666116666666665,0.48308,1.9103213333333333,0.351203
256,128,12,dynamic,16,2.748045,0.41232099999999994,1.782819,0.2733196666666667
256,128,12,dynamic,32,2.6527776666666667,0.419777,1.9120686666666666,0.340261
256,128,12,guided,2,3.429512666666666,0.588638,2.1767673333333337,0.37222599999999995
256,128,12,guided,4,2.900271,0.512104,1.7977286666666668,0.264752
256,128,12,guided,8,2.20931,0.34927,1.5753443333333335,0.28593433333333335
256,128,12,guided,16,2.4781860000000004,0.39344666666666667,1.6996853333333333,0.333245
256,128,12,guided,32,2.891002,0.4160536666666667,1.9299579999999998,0.342542
256,128,12,static,2,3.003299666666667,0.499851,2.0082496666666665,0.357566
256,128,12,static,4,2.438964,0.433924,1.459047,0.336568
256,128,12,static,8,2.070218,0.34738833333333335,1.246546,0.2605633333333333
256,128,12,static,16,2.226966,0.43476800000000004,1.3952326666666668,0.31415433333333337
256,128,12,static,32,2.864141,0.450534,1.733019333333333,0.3876899999999999
256,512,1,dynamic,2,10.037328,8.580682333333334,4.934641,7.148666
256,512,1,dynamic,4,9.129785,9.59657,5.33421,6.324525333333334
256,512,1,dynamic,8,8.266952,8.983329,7.078893,6.910347
256,512,1,dynamic,16,10.678604,9.157421,4.934128,4.647034
256,512,1,dynamic,32,5.327314,5.602006,4.498389,5.383963
256,512,1,guided,2,5.757051,6.022121333333334,4.264796,4.077782
256,512,1,guided,4,7.271672,5.974681,3.96453,4.040778
256,512,1,guided,8,7.659081,7.445929666666667,5.396971,5.102178
256,512,1,guided,16,6.625551,7.367224,5.242031,5.3103
256,512,1,guided,32,5.806662,5.527473999999999,3.936161,4.336871
256,512,1,static,2,12.296013,11.168934,7.873484,8.740483
256,512,1,static,4,11.631639,10.089120666666666,7.26758,8.189729666666667
256,512,1,static,8,10.783669333333334,10.223585333333332,7.189228333333333,7.753800000000001
256,512,1,static,16,10.222147,10.063547333333332,6.383771,6.321968
256,512,1,static,32,9.426885,9.319632666666667,6.714635,6.925596
256,512,2,dynamic,2,6.9459,5.139621,5.753409,3.227218
256,512,2,dynamic,4,7.340205,4.131549,5.143334,3.467107
256,512,2,dynamic,8,5.747043,3.00492,4.2149573333333334,2.541828
256,512,2,dynamic,16,7.119886,3.874689,5.637433,3.076647
256,512,2,dynamic,32,5.442727,2.845603,4.308046,2.684981
256,512,2,guided,2,7.243156,3.585297,4.41461,2.135527
256,512,2,guided,4,8.227775,4.926685,7.5345,4.365392
256,512,2,guided,8,9.973475,4.6097573333333335,6.876755,3.758854
256,512,2,guided,16,8.103865,4.238975,5.766874,2.96841
256,512,2,guided,32,8.003186,3.741065,5.382796,3.615812
256,512,2,static,2,8.451802,4.104551,4.586029,2.416171
256,512,2,static,4,6.477228666666666,3.192884,4.360793,2.67629
256,512,2,static,8,6.427884,3.228155,4.249788,2.340456
256,512,2,static,16,6.82115,3.682956,5.560751,2.909381
256,512,2,static,32,6.1364436666666675,3.0640016666666665,4.560288333333333,2.542911
256,512,4,dynamic,2,11.066272,3.7461,7.425245,3.2175576666666665
256,512,4,dynamic,4,11.984908,4.640912,8.893965,2.764215
256,512,4,dynamic,8,10.269169999999999,3.1065869999999998,7.309134,2.3250686666666667
256,512,4,dynamic,16,11.597189,3.125208,8.026728,2.418227
256,512,4,dynamic,32,10.649053,3.055229333333333,8.571058333333333,2.217487
256,512,4,guided,2,10.327169333333336,3.020675,7.3727990000000005,2.073411
256,512,4,guided,4,10.918503,2.837289,7.241333,2.27516
256,512,4,guided,8,10.416854,2.735915,7.930564,2.1375466666666667
256,512,4,guided,16,11.14685,3.061698,7.912269,2.209133
256,512,4,guided,32,10.184169666666667,2.861315,7.534457333333333,2.2701993333333337
256,512,4,static,2,11.609386,3.238762,8.359784,2.72453
256,512,4,static,4,10.365713333333334,2.953590333333333,7.221153,2.050458
256,512,4,static,8,10.419608,3.0873823333333337,7.096311,2.098319
256,512,4,static,16,12.45202,3.5738323333333333,9.224236,2.4513943333333335
256,512,4,static,32,12.484876333333332,3.409376,9.780846,2.394903333333333
256,512,8,dynamic,2,10.184594333333335,2.4294683333333333,7.349786333333333,1.757125
256,512,8,dynamic,4,9.900731,1.913048,8.753153,1.768177
256,512,8,dynamic,8,10.564765999999999,1.751444,7.503086333333333,1.3611346666666666
256,512,8,dynamic,16,10.185913666666666,1.7590606666666666,7.259658000000001,1.411078
256,512,8,dynamic,32,11.074624,1.75185,7.404245,1.401216
256,512,8,guided,2,10.195526666666666,1.593015,7.541683333333334,1.300674
256,512,8,guided,4,10.376076666666668,1.6450889999999998,7.419266,1.2986403333333334
256,512,8,guided,8,10.45745,1.705019,7.650684,1.1883586666666666
256,512,8,guided,16,10.149745333333334,1.6725476666666665,7.1847053333333335,1.2642149999999999
256,512,8,guided,32,10.142194,1.7152173333333334,7.601581,1.260427
256,512,8,static,2,10.210271333333333,1.9988263333333336,7.195689333333333,1.429672
256,512,8,static,4,10.430634,2.010051,7.484127,1.40755
256,512,8,static,8,10.370041,1.7248256666666666,7.311531666666667,1.311196
256,512,8,static,16,10.759691,1.791687,7.620551666666667,1.3378136666666667
256,512,8,static,32,10.524873,1.8341893333333334,7.491334999999999,1.2997303333333334
256,512,12,dynamic,2,11.392388,2.549223,8.721128,2.12127
256,512,12,dynamic,4,11.507981,2.1629723333333337,8.318809333333332,1.6537793333333333
256,512,12,dynamic,8,11.279991,1.859346,8.010917,1.297084
256,512,12,dynamic,16,10.648029,1.6391976666666668,8.293289,1.287709
256,512,12,dynamic,32,9.525328333333334,1.461108,6.787520333333333,1.028302
256,512,12,guided,2,8.62512,1.379575,6.194100333333334,1.125644
256,512,12,guided,4,7.701899,1.1528226666666666,5.732499999999999,0.9862829999999999
256,512,12,guided,8,7.553320666666667,1.1324543333333335,5.615963666666667,0.856903
256,512,12,guided,16,7.418686666666666,1.1977453333333334,5.638561,0.9982850000000001
256,512,12,guided,32,7.599188000000001,1.1643363333333334,5.5740593333333335,0.914962
256,512,12,static,2,10.165618,1.6682646666666665,7.336509333333333,1.2996736666666668
256,512,12,static,4,11.052743,1.6540966666666668,7.793194666666667,1.2285483333333334
256,512,12,static,8,11.481448,1.709639,8.041254666666667,1.417692
256,512,12,static,16,10.855087333333335,1.930836,7.405783,1.236877
256,512,12,static,32,10.026414,1.6547396666666667,8.322597666666667,1.515557
512,32,1,dynamic,2,1.9851020000000001,2.0919863333333333,1.3309846666666667,1.527126
512,32,1,dynamic,4,1.999854,1.971719,1.3503610000000001,1.5141463333333334
512,32,1,dynamic,8,2.026612666666667,2.119615666666667,1.376921333333333,1.3861966666666667
512,32,1,dynamic,16,1.9575563333333335,1.8787053333333332,1.3020733333333334,1.312717
512,32,1,dynamic,32,1.9914880000000001,1.9300423333333334,1.3872096666666665,1.3613539999999997
512,32,1,guided,2,1.8995650000000002,1.9637496666666667,1.3639029999999999,1.3304833333333335
512,32,1,guided,4,1.9823126666666664,1.9554056666666668,1.2870936666666666,1.2934946666666667
512,32,1,guided,8,1.8660963333333334,1.8525396666666667,1.3077383333333332,1.3483503333333333
512,32,1,guided,16,1.8544466666666668,1.8639436666666667,1.289389,1.3051026666666665
512,32,1,guided,32,2.0431613333333334,2.1082140000000003,1.4338833333333334,1.4278893333333331
512,32,1,static,2,1.9662050000000002,1.9567826666666666,1.3103143333333334,1.3980656666666667
512,32,1,static,4,1.8737716666666666,1.973868666666667,1.3322073333333333,1.3888773333333333
512,32,1,static,8,1.9054393333333335,1.9288366666666665,1.2834329999999998,1.2711556666666668
512,32,1,static,16,1.9393136666666664,1.9105676666666664,1.2834463333333332,1.2994053333333333
512,32,1,static,32,2.051144,2.0029643333333333,1.452462,1.481463
512,32,2,dynamic,2,1.85707,1.1938966666666666,1.306474,0.8649266666666667
512,32,2,dynamic,4,1.9526853333333332,1.1163680000000002,1.3355833333333333,0.8215003333333334
512,32,2,dynamic,8,1.9042766666666668,1.048906,1.300281,0.763176
512,32,2,dynamic,16,1.9305986666666666,1.0006703333333336,1.3196890000000001,0.7615016666666666
512,32,2,dynamic,32,1.813748,0.938901,1.001473,0.592322
512,32,2,guided,2,1.609189,0.8930146666666667,1.051832,0.591453
512,32,2,guided,4,1.0603200000000002,0.7598276666666667,0.8494303333333333,0.4665273333333333
512,32,2,guided,8,0.9918576666666666,0.6525646666666667,0.787745,0.459384
512,32,2,guided,16,1.002504,0.6807439999999999,0.78613,0.42780166666666664
512,32,2,guided,32,0.9964903333333334,0.6649703333333333,0.7898086666666667,0.4675116666666666
512,32,2,static,2,1.9737833333333334,1.0693216666666665,1.3596563333333334,0.7366963333333333
512,32,2,static,4,1.928553,1.0449896666666667,1.3590973333333334,0.7331309999999999
512,32,2,static,8,1.9404166666666667,1.0126263333333332,1.3562779999999999,0.7233193333333334
512,32,2,static,16,1.9062706666666667,0.9820003333333333,1.3297023333333333,0.725507
512,32,2,static,32,1.9417336666666667,1.0619649999999998,1.3407736666666665,0.7028003333333332
512,32,4,dynamic,2,0.9977269999999999,0.596476,0.782254,0.41106966666666667
512,32,4,dynamic,4,0.9994573333333333,0.5246826666666666,0.787931,0.35735333333333336
512,32,4,dynamic,8,0.9932523333333334,0.49675899999999995,0.78455,0.33585166666666666
512,32,4,dynamic,16,0.9917916666666665,0.4710203333333333,0.7864939999999999,0.33509900000000004
512,32,4,dynamic,32,0.9973420000000001,0.48937566666666665,0.7787773333333333,0.329116
512,32,4,guided,2,1.0175106666666667,0.49050633333333327,0.7794226666666666,0.3200866666666667
512,32,4,guided,4,0.9985623333333334,0.48963066666666677,0.7734826666666667,0.3219866666666667
512,32,4,guided,8,0.9920993333333333,0.484974,0.7780956666666666,0.3241416666666666
512,32,4,guided,16,0.9991916666666668,0.4927703333333333,0.7824603333333333,0.31758333333333333
512,32,4,guided,32,1.029821,0.4621376666666667,0.7916736666666666,0.3168286666666667
512,32,4,static,2,1.024011,0.48546433333333333,0.7791256666666667,0.3316253333333334
512,32,4,static,4,0.9918463333333335,0.4874956666666667,0.791706,0.325737
512,32,4,static,8,1.0332396666666668,0.4875213333333333,0.8036736666666666,0.32728166666666664
512,32,4,static,16,1.113783,0.46949966666666665,0.7991226666666668,0.326057
512,32,4,static,32,1.0286626666666667,0.4836726666666667,0.7934463333333333,0.32780233333333336
512,32,8,dynamic,2,1.0361986666666667,0.3662973333333333,0.8136106666666666,0.29320066666666666
512,32,8,dynamic,4,1.0177296666666666,0.297771,0.8323103333333334,0.23829599999999998
512,32,8,dynamic,8,1.0678459999999999,0.26603533333333335,0.858329,0.220717
512,32,8,dynamic,16,1.0749013333333333,0.2640616666666667,0.7942783333333333,0.20710133333333336
512,32,8,dynamic,32,0.9911873333333333,0.25645466666666666,0.7889786666666666,0.205866
512,32,8,guided,2,0.9983086666666666,0.26828466666666667,0.7861163333333333,0.203469
512,32,8,guided,4,1.0132163333333333,0.258229,0.7964359999999999,0.20054733333333333
512,32,8,guided,8,1.0101423333333333,0.2567603333333333,0.7940023333333334,0.20326866666666668
512,32,8,guided,16,0.9960283333333333,0.25829166666666664,0.7890023333333334,0.20369199999999998
512,32,8,guided,32,0.9912923333333333,0.262002,0.7807783333333335,0.21307066666666666
512,32,8,static,2,0.994494,0.263921,0.7811103333333334,0.22027233333333332
512,32,8,static,4,0.9997113333333334,0.2982546666666666,0.7852846666666666,0.22438500000000003
512,32,8,static,8,0.9768926666666666,0.26402333333333333,0.7835023333333333,0.22122733333333333
512,32,8,static,16,1.01053,0.27716466666666667,0.8125543333333333,0.22166766666666668
512,32,8,static,32,1.0187896666666667,0.28908666666666666,0.7927736666666667,0.225795
512,32,12,dynamic,2,1.0625983333333335,0.33390233333333336,0.8227549999999999,0.311804
512,32,12,dynamic,4,1.0079676666666668,0.22903333333333334,0.799805,0.19451200000000002
512,32,12,dynamic,8,0.9921719999999999,0.19016533333333333,0.7958116666666667,0.1703686666666667
512,32,12,dynamic,16,0.9960649999999999,0.19620433333333334,0.7976496666666666,0.17025733333333334
512,32,12,dynamic,32,1.013475,0.20374599999999998,0.8118793333333333,0.172028
512,32,12,guided,2,1.0076663333333336,0.205531,0.7980983333333334,0.18546733333333332
512,32,12,guided,4,1.0028906666666666,0.18605666666666668,0.792212,0.16668133333333335
512,32,12,guided,8,1.0287993333333334,0.20183833333333334,0.7988306666666668,0.16400666666666666
512,32,12,guided,16,1.0138903333333333,0.1973,0.7945496666666667,0.17119433333333334
512,32,12,guided,32,0.9951473333333333,0.214094,0.8153946666666667,0.203291
512,32,12,static,2,0.9924756666666666,0.202441,0.797969,0.17798000000000003
512,32,12,static,4,1.0122546666666667,0.233517,0.7818823333333333,0.18691899999999997
512,32,12,static,8,1.0075096666666667,0.20635766666666666,0.7901903333333333,0.175793
512,32,12,static,16,1.0333873333333334,0.235512,0.8260476666666667,0.191636
512,32,12,static,32,1.0516886666666665,0.19909199999999996,0.8278113333333333,0.19119166666666665
512,64,1,dynamic,2,2.015235333333333,2.3232630000000003,1.5479603333333334,1.7798183333333333
512,64,1,dynamic,4,2.031530666666667,2.2054333333333336,1.5337526666666665,1.6363136666666669
512,64,1,dynamic,8,1.9973920000000003,2.19779,1.5269543333333333,1.6168246666666668
512,64,1,dynamic,16,2.0831256666666667,2.1096719999999998,1.5714196666666667,1.5930053333333332
512,64,1,dynamic,32,1.9953373333333335,2.1311043333333335,1.5438193333333334,1.5186153333333332
512,64,1,guided,2,2.015457333333333,2.2022836666666668,1.5407393333333335,1.4806523333333335
512,64,1,guided,4,2.022555333333333,2.3123093333333333,1.6360593333333335,1.483883
512,64,1,guided,8,2.251961666666667,2.368481666666667,1.5475826666666668,1.5388776666666668
512,64,1,guided,16,2.1712036666666665,2.3117056666666667,1.6404033333333332,1.5715933333333334
512,64,1,guided,32,2.042507666666667,2.2083123333333337,1.5557536666666667,1.5669856666666666
512,64,1,static,2,2.137774666666667,2.180854666666667,1.542849666666667,1.5018183333333333
512,64,1,static,4,2.1560823333333334,2.2711726666666667,1.6441056666666667,1.5989966666666666
512,64,1,static,8,2.044089,2.078993,1.5377489999999998,1.4612446666666667
512,64,1,static,16,2.0249666666666664,2.022119,1.5644443333333333,1.4347999999999999
512,64,1,static,32,2.0208346666666666,2.0267443333333333,1.5324566666666666,1.4369983333333334
512,64,2,dynamic,2,2.1230569999999997,1.6681246666666667,1.6326786666666668,1.2216283333333333
512,64,2,dynamic,4,2.1052536666666666,1.4912986666666666,1.597867,1.0038816666666668
512,64,2,dynamic,8,2.0364236666666664,1.3351013333333335,1.5455056666666669,0.9810150000000001
512,64,2,dynamic,16,2.1761523333333335,1.3210706666666667,1.5850989999999998,0.9403479999999999
512,64,2,dynamic,32,2.083468,1.3340923333333332,1.554355,0.905221
512,64,2,guided,2,2.437618,1.533997,1.7678626666666668,1.004017
512,64,2,guided,4,2.4397746666666666,1.5667669999999998,1.6822033333333335,1.0364723333333332
512,64,2,guided,8,2.4152086666666666,1.5543500000000001,1.7322193333333331,0.9887763333333334
512,64,2,guided,16,2.4862553333333337,1.5390736666666667,1.7522866666666665,1.0178343333333333
512,64,2,guided,32,2.5275383333333337,1.581589,1.8050846666666667,1.0014586666666667
512,64,2,static,2,2.167627,1.382492,1.7164443333333335,0.9172326666666667
512,64,2,static,4,2.119356333333333,1.3232326666666665,1.5652696666666668,0.9291236666666668
512,64,2,static,8,2.060115666666667,1.3687036666666668,1.5723836666666668,0.8831806666666667
512,64,2,static,16,2.092334,1.2900213333333332,1.5696953333333334,0.885191
512,64,2,static,32,2.099923,1.183411,1.5858336666666666,0.8613063333333334
512,64,4,dynamic,2,3.196876,1.21681,2.062724,0.9179906666666667
512,64,4,dynamic,4,2.9745683333333335,1.059475,2.00866,0.7409356666666667
512,64,4,dynamic,8,3.0211493333333332,1.0110823333333332,2.0644069999999997,0.7272223333333333
512,64,4,dynamic,16,2.9675663333333335,0.9494646666666666,2.055127666666667,0.6871713333333332
512,64,4,dynamic,32,2.9794976666666666,0.9226070000000001,1.9982066666666667,0.6839080000000001
512,64,4,guided,2,2.936416,0.960803,1.9267216666666667,0.644243
512,64,4,guided,4,3.046852,0.9454333333333333,2.018671,0.6576736666666666
512,64,4,guided,8,3.0281776666666667,0.94121,1.982983,0.6911966666666668
512,64,4,guided,16,3.0210253333333337,0.9384206666666667,1.9950256666666668,0.6732776666666668
512,64,4,guided,32,2.9908096666666673,0.9750376666666667,2.0119963333333337,0.6788376666666666
512,64,4,static,2,2.5286399999999998,0.9836293333333334,1.7746526666666667,0.6855466666666667
512,64,4,static,4,2.557336333333333,0.9718136666666667,1.7624746666666666,0.6525163333333334
512,64,4,static,8,2.409694333333333,0.9652426666666667,1.6952186666666667,0.6395476666666666
512,64,4,static,16,2.334256,0.9710023333333333,1.7412696666666667,0.700034
512,64,4,static,32,3.0574859999999995,0.9507593333333334,2.1306986666666665,0.6825786666666667
512,64,8,dynamic,2,2.887974,0.7406923333333334,1.9286953333333334,0.5857876666666666
512,64,8,dynamic,4,2.339951,0.5826843333333334,1.7215676666666668,0.49216
512,64,8,dynamic,8,2.337034333333333,0.5219613333333334,1.7162623333333336,0.411723
512,64,8,dynamic,16,2.416395,0.4990780000000001,1.810257,0.393565
512,64,8,dynamic,32,2.5006653333333335,0.5004853333333333,1.7136076666666666,0.3813683333333333
512,64,8,guided,2,2.4432413333333334,0.48033733333333334,1.7511036666666666,0.37286233333333335
512,64,8,guided,4,2.5591576666666667,0.4803383333333333,1.7475506666666665,0.3801913333333333
512,64,8,guided,8,2.4481973333333333,0.47819133333333336,1.7491196666666664,0.382595
512,64,8,guided,16,2.4525496666666666,0.49227333333333334,1.775906,0.3756756666666667
512,64,8,guided,32,2.3046573333333336,0.47695266666666675,1.6654410000000002,0.36793566666666666
512,64,8,static,2,2.874662333333333,0.5018693333333334,2.0359996666666667,0.4140249999999999
512,64,8,static,4,2.96072,0.5140706666666667,1.9976823333333333,0.4138023333333334
512,64,8,static,8,3.1381140000000003,0.5023876666666667,1.9268576666666666,0.40460333333333337
512,64,8,static,16,3.008153333333333,0.4978393333333333,1.9299246666666665,0.40039933333333333
512,64,8,static,32,3.0251746666666666,0.4961066666666667,1.9392066666666665,0.430067
512,64,12,dynamic,2,2.0146913333333334,0.651731,1.5379633333333331,0.5806206666666666
512,64,12,dynamic,4,2.020278333333333,0.4529046666666667,1.570562,0.34553666666666666
512,64,12,dynamic,8,2.2380823333333333,0.39388700000000004,1.664874,0.321606
512,64,12,dynamic,16,2.142989666666667,0.3702223333333334,1.6995793333333333,0.32713600000000004
512,64,12,dynamic,32,2.2152483333333333,0.36812266666666665,1.6219979999999998,0.295833
512,64,12,guided,2,2.125504333333333,0.395394,1.616743666666667,0.294701
512,64,12,guided,4,2.2465713333333333,0.3560826666666667,1.639005,0.311207
512,64,12,guided,8,2.1694933333333335,0.38850500000000004,1.6837216666666663,0.31485433333333335
512,64,12,guided,16,2.2387376666666667,0.392517,1.664404,0.286493
512,64,12,guided,32,2.2861573333333336,0.3885286666666667,1.728669,0.311766
512,64,12,static,2,2.0201883333333335,0.429481,1.5747996666666666,0.341308
512,64,12,static,4,2.153767333333333,0.416115,1.605555,0.34120733333333336
512,64,12,static,8,2.1392346666666664,0.4381146666666667,1.6601043333333336,0.31755700000000003
512,64,12,static,16,2.0864880000000006,0.3936036666666667,1.5589579999999998,0.32055100000000003
512,64,12,static,32,2.042567,0.38421666666666665,1.5625056666666666,0.30950066666666665
512,128,1,dynamic,2,4.210499333333334,4.748628,3.181831666666666,3.7519449999999996
512,128,1,dynamic,4,3.9834003333333334,4.384282333333334,3.0246603333333333,3.3059689999999997
512,128,1,dynamic,8,4.084586000000001,4.195849,3.092259666666667,3.295069
512,128,1,dynamic,16,4.277292333333333,4.4803690000000005,3.4764486666666663,3.400022
512,128,1,dynamic,32,4.72241,4.576764666666667,3.304746,3.384051
512,128,1,guided,2,4.1502550000000005,4.5470543333333335,3.347735,3.243149666666666
512,128,1,guided,4,4.081796333333333,4.563190333333334,3.2912340000000007,3.2026833333333333
512,128,1,guided,8,4.389349333333333,4.581635333333334,3.2562963333333332,3.060472666666667
512,128,1,guided,16,4.147236333333333,4.491320333333333,3.128395,3.264812333333333
512,128,1,guided,32,2.247544,2.312063,1.6736630000000001,1.6083566666666667
512,128,1,static,2,4.170409333333333,4.330165333333333,3.206109,3.167211333333333
512,128,1,static,4,4.268372,4.329599333333333,3.0996433333333333,3.0925596666666664
512,128,1,static,8,4.381085,4.227394666666666,3.3218666666666667,3.1362016666666666
512,128,1,static,16,4.356288,4.291305333333334,3.254191,3.147159333333333
512,128,1,static,32,4.167153333333332,4.135648666666667,3.158906333333334,3.0188970000000004
512,128,2,dynamic,2,2.219348333333333,1.577469,1.6898846666666667,1.2092123333333333
512,128,2,dynamic,4,2.273835666666667,1.4241803333333334,1.7706006666666667,1.0733316666666666
512,128,2,dynamic,8,2.303704,1.348978,1.7420883333333332,1.0329353333333333
512,128,2,dynamic,16,2.390398,1.302653,1.764816,0.9845096666666667
512,128,2,dynamic,32,2.2544199999999996,1.208741,1.6925073333333334,0.900055
512,128,2,guided,2,2.2719463333333336,1.2701696666666666,1.7083436666666667,0.8872779999999999
512,128,2,guided,4,2.2562423333333332,1.2532156666666667,1.7066083333333335,0.8832376666666666
512,128,2,guided,8,2.2718866666666666,1.2789596666666667,1.735115666666667,0.9191143333333334
512,128,2,guided,16,2.26755,1.275005,1.7066636666666668,0.8766736666666667
512,128,2,guided,32,2.261227,1.2557443333333334,1.697843,0.8846729999999999
512,128,2,static,2,2.210541666666667,1.227868,1.6895993333333335,0.8614733333333334
512,128,2,static,4,2.2097993333333332,1.225548,1.6810313333333333,0.854192
512,128,2,static,8,2.222339,1.1899499999999998,1.6962716666666668,0.8451013333333334
512,128,2,static,16,2.2033663333333333,1.184642,1.6743393333333334,0.8473686666666668
512,128,2,static,32,2.225759666666667,1.173382,1.6820563333333334,0.8287723333333333
512,128,4,dynamic,2,2.4609243333333333,1.2099333333333335,1.8003696666666666,0.9333453333333334
512,128,4,dynamic,4,2.317648333333333,0.9633086666666667,1.7440879999999999,0.7482150000000001
512,128,4,dynamic,8,2.2726763333333335,0.8915099999999999,1.715079,0.6735573333333335
512,128,4,dynamic,16,2.352858,0.8534713333333332,1.7664003333333334,0.6818976666666666
512,128,4,dynamic,32,2.2702386666666663,0.8287443333333333,1.7273553333333334,0.6266186666666667
512,128,4,guided,2,2.271527,0.8562346666666666,1.718269,0.64181
512,128,4,guided,4,2.2684,0.8722366666666667,1.719498,0.6429893333333333
512,128,4,guided,8,2.283173,0.8530633333333334,1.727855,0.6331076666666666
512,128,4,guided,16,2.3441683333333336,0.9085133333333334,1.7548083333333333,0.6426533333333334
512,128,4,guided,32,2.282764666666667,0.8876393333333334,1.7342883333333334,0.6221213333333333
512,128,4,static,2,2.2954293333333333,0.8816,1.7305073333333334,0.6466056666666667
512,128,4,static,4,2.262825,0.8745036666666667,1.7297523333333331,0.6666263333333333
512,128,4,static,8,2.238573,0.8451970000000001,1.716052666666667,0.6367766666666667
512,128,4,static,16,2.2733076666666667,0.8387560000000001,1.7141153333333332,0.6676456666666667
512,128,4,static,32,2.306931,0.9122339999999999,1.829591,0.7036060000000001
512,128,8,dynamic,2,2.261782666666667,0.8501846666666667,1.7265603333333335,0.6337483333333332
512,128,8,dynamic,4,2.2693436666666664,0.6804549999999999,1.7293936666666667,0.50287
512,128,8,dynamic,8,2.4135856666666666,0.6367593333333333,1.7669363333333334,0.4686586666666667
512,128,8,dynamic,16,2.360224,0.65921,1.897028333333333,0.459066
512,128,8,dynamic,32,2.3798513333333333,0.5721846666666667,1.801082,0.4372203333333333
512,128,8,guided,2,2.2807093333333333,0.5939736666666666,1.7490386666666666,0.42829999999999996
512,128,8,guided,4,2.4316716666666665,0.5880556666666666,1.8302496666666668,0.453602
512,128,8,guided,8,2.300959,0.6051186666666667,1.7550416666666668,0.4319916666666666
512,128,8,guided,16,2.3328846666666667,0.5848450000000001,1.7584403333333334,0.43553266666666673
512,128,8,guided,32,2.3557943333333333,0.6368566666666667,1.7950866666666665,0.4483486666666667
512,128,8,static,2,2.2913606666666664,0.6429393333333334,1.7306236666666666,0.45259933333333335
512,128,8,static,4,2.271122333333333,0.5989590000000001,1.723381,0.44252866666666674
512,128,8,static,8,2.2651540000000003,0.6241933333333334,1.7178603333333333,0.43562233333333333
512,128,8,static,16,2.252977,0.6138830000000001,1.7164773333333334,0.438363
512,128,8,static,32,2.2665390000000003,0.6152296666666667,1.7146859999999997,0.4414186666666666
512,128,12,dynamic,2,2.3030820000000003,0.8092973333333333,1.785547,0.6992776666666667
512,128,12,dynamic,4,2.382604666666666,0.608205,1.8694186666666666,0.4395193333333333
512,128,12,dynamic,8,2.3764013333333334,0.513632,1.7894473333333334,0.377918
512,128,12,dynamic,16,2.3010946666666663,0.5005853333333333,1.7727546666666667,0.376377
512,128,12,dynamic,32,2.4255293333333334,0.5392423333333333,1.8565083333333332,0.40583300000000005
512,128,12,guided,2,2.320631,0.4944653333333333,1.7958796666666668,0.36275133333333337
512,128,12,guided,4,2.4054086666666663,0.535911,1.7951820000000003,0.3892466666666667
512,128,12,guided,8,2.5165636666666664,0.570178,1.9030443333333336,0.44334633333333334
512,128,12,guided,16,2.3152773333333334,0.47014666666666666,1.7652349999999999,0.32933066666666666
512,128,12,guided,32,2.293511,0.5127106666666666,1.740319666666667,0.353482
512,128,12,static,2,2.3578063333333334,0.5800996666666666,1.8313626666666665,0.407004
512,128,12,static,4,2.3048230000000003,0.5637033333333333,1.7327243333333335,0.41037133333333337
512,128,12,static,8,2.317572333333333,0.5554943333333334,1.7956826666666668,0.39477933333333337
512,128,12,static,16,2.2974666666666663,0.5505613333333333,1.747013,0.37238
512,128,12,static,32,2.2908123333333337,0.545572,1.7378093333333335,0.38259233333333337
512,512,1,dynamic,2,9.093226333333334,10.137170333333332,7.3614239999999995,8.893958333333332
512,512,1,dynamic,4,9.114979,9.962825666666665,7.598846000000001,8.174653999999999
512,512,1,dynamic,8,9.248881666666668,9.560414999999999,7.719108666666667,8.178523
512,512,1,dynamic,16,9.472292333333334,9.469546333333334,7.634911666666667,8.000737333333333
512,512,1,dynamic,32,9.247269000000001,9.304352999999999,7.4628076666666665,7.503797666666666
512,512,1,guided,2,9.164616666666667,9.485562,7.580494333333333,7.334500333333334
512,512,1,guided,4,9.689953333333333,9.707741333333333,7.695639333333333,8.019909
512,512,1,guided,8,9.385151,9.682008,7.521173666666667,7.422287333333333
512,512,1,guided,16,9.152074666666666,9.426243999999999,7.455834,7.413441
512,512,1,guided,32,9.242350666666667,9.631081333333334,7.578540333333334,7.598771
512,512,1,static,2,9.621894333333332,10.084996333333335,7.825917333333334,7.866371333333333
512,512,1,static,4,9.453148,9.789552666666667,7.434458,7.627357666666668
512,512,1,static,8,9.084871333333334,9.222856333333333,7.4497013333333335,7.350670333333333
512,512,1,static,16,9.108049333333334,9.304653333333333,7.4735983333333325,7.204855333333334
512,512,1,static,32,9.005120999999999,9.042408666666667,7.5578520000000005,7.166763666666665
512,512,2,dynamic,2,9.175799333333332,6.5053030000000005,7.356457666666667,5.331382666666666
512,512,2,dynamic,4,9.199050666666666,5.858088333333334,7.555636333333333,4.799482333333334
512,512,2,dynamic,8,9.445060666666665,5.4337143333333335,7.634334666666667,4.607323333333333
512,512,2,dynamic,16,9.353369666666667,5.088575,7.784381666666667,4.355874666666667
512,512,2,dynamic,32,9.437166999999999,5.1164613333333335,7.885767666666666,4.255420666666667
512,512,2,guided,2,9.394115666666666,5.484147,7.846264333333333,4.173619666666667
512,512,2,guided,4,9.763658000000001,5.564385333333333,7.892101333333334,4.282019666666667
512,512,2,guided,8,9.616748666666666,5.526307666666668,7.592903666666667,4.253828666666666
512,512,2,guided,16,9.554102,5.497226666666667,7.719920999999999,4.069828
512,512,2,guided,32,9.424102666666668,5.298165,7.641323,4.100224333333333
512,512,2,static,2,9.426752666666667,5.303004666666666,7.626748,3.9798450000000005
512,512,2,static,4,9.281885999999998,5.221507333333333,7.561792333333333,3.8752020000000003
512,512,2,static,8,9.232054666666668,4.999004333333333,7.534615,3.8758493333333335
512,512,2,static,16,9.399919666666667,4.9584660000000005,7.374693999999999,3.8160806666666667
512,512,2,static,32,9.106851333333333,4.874563666666667,7.4810316666666665,3.7835959999999997
512,512,4,dynamic,2,9.963123666666666,5.38471,8.383548,4.134642666666667
512,512,4,dynamic,4,12.212992,6.023711,10.616812,5.664356333333333
512,512,4,dynamic,8,17.958999666666667,7.434425999999999,15.117872333333333,5.611500666666667
512,512,4,dynamic,16,17.953314333333335,7.2026259999999995,15.404087666666667,5.307511333333333
512,512,4,dynamic,32,17.957853,7.011337999999999,15.102305333333334,5.16781
512,512,4,guided,2,18.031756333333334,7.007286000000001,14.896614333333332,5.286532333333334
512,512,4,guided,4,18.177104,7.167117666666667,15.198778333333332,5.264933666666667
512,512,4,guided,8,18.266381666666664,6.999288333333333,15.207252666666667,5.279655000000001
512,512,4,guided,16,18.909485333333333,7.0215543333333335,15.159359333333333,5.235464
512,512,4,guided,32,17.83602266666667,7.219003666666667,14.698398,5.180926
512,512,4,static,2,9.559653666666668,3.718899,7.9502646666666665,2.917096666666667
512,512,4,static,4,9.759088,4.032786000000001,8.062567,2.9270359999999997
512,512,4,static,8,9.539741666666666,3.596263,7.785125333333333,2.7273133333333335
512,512,4,static,16,9.530746,3.7389110000000003,8.173549333333334,2.734935666666667
512,512,4,static,32,10.024498333333334,4.030936333333333,8.210386666666666,2.8428723333333337
512,512,8,dynamic,2,18.76361,5.967495666666667,15.353435,4.517291666666667
512,512,8,dynamic,4,19.29886266666667,5.005574,15.601708,3.667761
512,512,8,dynamic,8,19.853067999999997,4.2687859999999995,15.772624333333335,3.213150333333333
512,512,8,dynamic,16,18.962279,3.8970000000000002,15.208378333333334,3.0446476666666666
512,512,8,dynamic,32,19.06797166666667,3.920130333333333,16.041359333333336,3.1827996666666665
512,512,8,guided,2,19.446139,3.7637373333333333,15.545695,2.933092333333333
512,512,8,guided,4,18.84190166666667,3.8104913333333332,15.721126333333332,3.0580106666666667
512,512,8,guided,8,18.643970666666664,3.970264333333333,15.189124333333334,2.904707333333333
512,512,8,guided,16,18.56474933333333,3.7699726666666664,15.421579333333334,2.9388533333333338
512,512,8,guided,32,18.295159,3.780775666666667,14.838658666666667,2.931423666666667
512,512,8,static,2,18.022901666666666,4.20228,15.490414333333334,3.0458823333333336
512,512,8,static,4,18.61215933333333,3.92968,15.387096333333332,3.0506503333333335
512,512,8,static,8,18.246916666666667,3.858809666666667,15.340339333333333,2.8610133333333336
512,512,8,static,16,18.14983266666667,3.8242333333333334,15.006099666666666,2.828742666666667
512,512,8,static,32,18.020753,3.7827176666666666,14.824024333333334,2.807479333333333
512,512,12,dynamic,2,18.27637833333333,5.327774000000001,15.262232000000003,4.650200666666667
512,512,12,dynamic,4,18.405555333333336,3.8106799999999996,15.494895333333334,3.1606496666666666
512,512,12,dynamic,8,18.63830066666667,3.700913,15.951348333333334,2.675284
512,512,12,dynamic,16,18.634361666666667,3.3273316666666664,15.530394333333334,2.4703856666666666
512,512,12,dynamic,32,18.125247666666667,3.291779,15.890484,2.7465726666666668
512,512,12,guided,2,18.573027,3.0051436666666667,15.549445333333333,2.5603116666666668
512,512,12,guided,4,18.934361666666668,2.9651669999999997,15.523199333333332,2.516652666666667
512,512,12,guided,8,20.417506999999997,4.133986333333333,17.547731,2.6447426666666662
512,512,12,guided,16,20.469654666666667,3.814921,17.716579333333332,3.248474
512,512,12,guided,32,20.411833666666666,3.578126,17.730801,3.2695076666666663
512,512,12,static,2,18.253614,3.239373,14.933358,2.550988
512,512,12,static,4,18.176846666666666,3.2205143333333335,15.026718333333335,2.3541236666666667
512,512,12,static,8,17.977085666666667,3.0589093333333337,15.114339666666666,2.3517683333333337
512,512,12,static,16,18.103456666666666,3.272816666666667,15.140068999999999,2.4181976666666665
512,512,12,static,32,18.63249533333333,3.4319246666666667,15.344529333333334,2.765238
1024,32,1,dynamic,2,4.493503666666666,5.204983666666667,3.5815533333333334,4.050884000000001
1024,32,1,dynamic,4,4.560987999999999,4.911940333333333,3.4901969999999998,3.729222333333334
1024,32,1,dynamic,8,4.504878,4.572811333333334,3.4230663333333333,3.6634586666666666
1024,32,1,dynamic,16,4.4421973333333336,4.621663333333334,3.4105496666666664,3.401147
1024,32,1,dynamic,32,4.681634333333332,4.929260333333333,3.390245333333333,3.4099830000000004
1024,32,1,guided,2,4.477242333333334,4.817037,3.4791019999999997,3.3821060000000003
1024,32,1,guided,4,4.722581000000001,4.8781360000000005,3.3763686666666666,3.3699169999999996
1024,32,1,guided,8,4.614545333333333,4.7449363333333325,3.491474333333333,3.4085129999999997
1024,32,1,guided,16,4.307263333333333,4.7802663333333335,3.3413236666666664,3.212493
1024,32,1,guided,32,4.4092813333333325,4.725141333333333,3.257825,3.3215920000000003
1024,32,1,static,2,4.995499,5.006052333333334,3.6304463333333334,3.578586
1024,32,1,static,4,5.072873,5.0586123333333335,3.4724306666666664,3.325401
1024,32,1,static,8,4.612486333333333,4.5793783333333336,3.3875343333333334,3.2354533333333335
1024,32,1,static,16,4.471685666666667,4.291813666666667,3.4033770000000003,3.1836786666666668
1024,32,1,static,32,4.518212666666667,4.4563033333333335,3.5085789999999997,3.3052213333333333
1024,32,2,dynamic,2,2.3209983333333333,1.6437616666666666,1.833504666666667,1.3029463333333333
1024,32,2,dynamic,4,2.481467,1.6132963333333332,1.921034,1.2494456666666667
1024,32,2,dynamic,8,2.3808496666666668,1.3349543333333334,1.8956786666666667,1.1475183333333334
1024,32,2,dynamic,16,2.5250876666666664,1.4192926666666665,1.9045053333333335,1.1324386666666666
1024,32,2,dynamic,32,2.4083793333333334,1.2910723333333334,1.9191003333333334,1.0424993333333332
1024,32,2,guided,2,2.4335466666666665,1.4274833333333332,1.8563109999999998,1.0672066666666666
1024,32,2,guided,4,2.404787666666667,1.3468216666666668,1.8241133333333333,0.9945626666666666
1024,32,2,guided,8,2.4768833333333333,1.585705,1.9972956666666668,1.1239756666666667
1024,32,2,guided,16,2.3736243333333333,1.4514713333333333,1.8660293333333335,0.9830796666666667
1024,32,2,guided,32,2.368098333333333,1.3921019999999997,1.9040436666666667,1.0208869999999999
1024,32,2,static,2,4.599245666666667,2.6525076666666667,3.40497,1.9836486666666666
1024,32,2,static,4,4.4417583333333335,2.782716333333333,3.3216249999999996,1.9447596666666669
1024,32,2,static,8,4.529385333333333,2.452719,3.382159,1.855177
1024,32,2,static,16,2.3229273333333333,1.2644553333333333,1.8899896666666667,0.9435293333333333
1024,32,2,static,32,2.3447913333333332,1.237297,1.8610786666666668,1.0060613333333333
1024,32,4,dynamic,2,13.824261333333334,4.67722,9.561798,3.90755
1024,32,4,dynamic,4,10.396058,3.331602333333333,7.152377666666666,2.5549820000000003
1024,32,4,dynamic,8,10.762816,3.0356660000000004,7.1382926666666675,2.427572
1024,32,4,dynamic,16,9.870230666666666,2.8397419999999998,6.797309333333334,2.20327
1024,32,4,dynamic,32,12.91579,3.2659380000000002,8.249092666666668,2.702288
1024,32,4,guided,2,10.889094,2.958977,8.206277,2.448687
1024,32,4,guided,4,12.048034,3.549911,8.405033999999999,2.614031
1024,32,4,guided,8,10.922901666666666,3.1247496666666668,8.040496666666668,2.6016963333333334
1024,32,4,guided,16,11.297213,3.444312666666667,8.206154333333332,2.31314
1024,32,4,guided,32,10.978183999999999,3.0504983333333335,7.4587390000000005,2.376272666666667
1024,32,4,static,2,2.5116406666666666,0.9418126666666667,1.9864036666666667,0.814148
1024,32,4,static,4,2.4460526666666667,0.9621743333333335,1.984816666666667,0.8133996666666666
1024,32,4,static,8,2.814188,1.0323033333333334,3.251354,0.790513
1024,32,4,static,16,5.656314,1.542575,3.720828,1.290019
1024,32,4,static,32,10.660104,3.301502,8.458837,2.856746
1024,32,8,dynamic,2,11.785561000000001,2.5901156666666663,8.166591666666667,2.273514666666667
1024,32,8,dynamic,4,11.713903,2.450397,8.518308,1.7566843333333333
1024,32,8,dynamic,8,9.510730666666667,1.7255433333333334,6.613852666666666,1.470544
1024,32,8,dynamic,16,10.682385666666667,1.7130323333333333,6.987091666666667,1.404994
1024,32,8,dynamic,32,10.596931333333334,1.7553253333333334,7.612967666666666,1.7164386666666667
1024,32,8,guided,2,11.073811333333333,1.8377466666666666,7.662252333333334,1.7016066666666667
1024,32,8,guided,4,11.953656666666667,1.8969449999999999,8.620041666666667,1.7789573333333333
1024,32,8,guided,8,12.031565,1.7581303333333336,7.119922333333332,1.532035
1024,32,8,guided,16,12.193159666666666,2.0840786666666666,8.346670666666666,1.995325
1024,32,8,guided,32,11.093137333333331,1.8641426666666667,7.560907666666666,1.5172046666666665
1024,32,8,static,2,11.156269333333332,2.079269333333333,8.039922666666667,1.8444226666666665
1024,32,8,static,4,11.371499333333333,1.9435503333333335,7.688085666666667,1.752833
1024,32,8,static,8,10.988202999999999,1.9842586666666666,7.588342666666667,1.6399039999999998
1024,32,8,static,16,11.042198333333333,2.046756,7.635496333333333,1.6607416666666668
1024,32,8,static,32,11.922816333333335,2.048834,8.052712333333334,1.8554756666666667
1024,32,12,dynamic,2,13.463770333333335,2.6108100000000003,8.337179,2.31699
1024,32,12,dynamic,4,12.174680333333333,2.0291770000000002,7.739833,2.035459
1024,32,12,dynamic,8,10.330405,1.6044529999999997,7.314501,1.5348726666666666
1024,32,12,dynamic,16,11.354588,1.7945113333333333,7.589927666666667,1.5062169999999997
1024,32,12,dynamic,32,15.623709,1.9858846666666665,9.734495,1.930394
1024,32,12,guided,2,12.10369,1.9218403333333332,8.223206666666666,1.5502453333333335
1024,32,12,guided,4,10.926739,1.7334686666666668,8.351666,1.657148
1024,32,12,guided,8,13.599244333333333,2.235899,9.911493,2.473339
1024,32,12,guided,16,19.272637,2.817251,12.961754666666666,2.5083743333333333
1024,32,12,guided,32,17.700096666666667,2.687806666666667,11.971452,2.570891
1024,32,12,static,2,11.110638666666667,1.8995959999999998,7.658167333333334,1.683238
1024,32,12,static,4,12.715246,2.213695,8.648499,1.9152466666666665
1024,32,12,static,8,11.950476666666667,1.9933636666666665,8.165581000000001,2.11843
1024,32,12,static,16,12.122946666666666,1.8425076666666669,8.180828666666665,1.8938309999999998
1024,32,12,static,32,12.294716,2.279392,9.162818,2.026855
1024,64,1,dynamic,2,15.430137,16.478746,9.723543,9.389333
1024,64,1,dynamic,4,14.105038,15.43592,10.594688666666668,10.789117
1024,64,1,dynamic,8,14.771399333333333,14.518312333333334,10.064494666666667,10.506601666666667
1024,64,1,dynamic,16,17.357406333333333,18.17054,11.215676,11.012513
1024,64,1,dynamic,32,16.339681,15.696716333333335,10.660613333333332,10.727918666666667
1024,64,1,guided,2,15.499596333333331,15.533204333333336,10.841276666666667,10.383998333333333
1024,64,1,guided,4,15.870341999999999,16.104422666666665,10.285909666666667,10.722580666666667
1024,64,1,guided,8,15.120361,15.10933,10.045904333333333,10.018180333333333
1024,64,1,guided,16,16.153554666666665,16.232925,11.031505000000001,10.293526666666667
1024,64,1,guided,32,15.529582,17.186095,11.411431,11.492897333333332
1024,64,1,static,2,31.780409,35.734392,9.416862,6.686279
1024,64,1,static,4,12.736055,11.324587,7.808783,5.351525
1024,64,1,static,8,19.651255,19.708696,13.280056,10.968581
1024,64,1,static,16,15.986471333333332,15.643758,10.397216666666667,10.424345
1024,64,1,static,32,15.740236333333334,18.010977999999998,13.134309,15.559083
1024,64,2,dynamic,2,18.060916666666667,10.690633,11.640745333333333,7.705806666666667
1024,64,2,dynamic,4,17.068286,9.595368,13.607022,7.208469666666666
1024,64,2,dynamic,8,19.193177,10.101681333333334,13.669508,9.075737
1024,64,2,dynamic,16,24.298129666666668,12.248986333333333,16.040382,8.776681
1024,64,2,dynamic,32,21.51642766666667,10.665148666666667,13.96245,8.170093
1024,64,2,guided,2,21.921526666666665,11.573363333333333,14.852881333333334,7.827352333333333
1024,64,2,guided,4,21.575948999999998,10.839262,14.298711333333335,7.614750333333333
1024,64,2,guided,8,20.913999,11.43985,14.270408000000002,7.652931
1024,64,2,guided,16,15.762478,8.183068666666665,10.539847,5.457994
1024,64,2,guided,32,15.480483,8.185466333333334,10.325931666666667,5.302879333333333
1024,64,2,static,2,16.464911666666666,8.439569666666666,11.692705666666667,6.702107333333333
1024,64,2,static,4,10.537467,5.763916,8.236035,5.812098
1024,64,2,static,8,10.502730999999999,5.656661,6.952634666666666,3.903532333333333
1024,64,2,static,16,9.816719333333333,5.50626,7.017497000000001,3.634685
1024,64,2,static,32,15.386882,7.126157,8.596263,4.569607
1024,64,4,dynamic,2,5.314385,3.229967,4.384114,2.89914
1024,64,4,dynamic,4,19.788645,6.375921000000001,13.42889,4.595738999999999
1024,64,4,dynamic,8,19.148859666666667,5.972546666666666,13.207601666666667,4.358612666666667
1024,64,4,dynamic,16,20.799954,5.836398,14.082063,4.557348666666667
1024,64,4,dynamic,32,19.365261,5.516992000000001,12.879234333333335,3.9342886666666668
1024,64,4,guided,2,20.431823666666666,6.0386050000000004,13.569371666666667,4.2126063333333335
1024,64,4,guided,4,22.012327,6.491313000000001,15.314002666666667,4.605117
1024,64,4,guided,8,22.701425333333333,6.530551666666667,14.846451666666667,4.481522333333333
1024,64,4,guided,16,21.822802333333332,6.287145333333334,14.570446666666667,4.612863333333333
1024,64,4,guided,32,22.637182,6.438773,14.637706666666666,4.550073666666666
1024,64,4,static,2,14.798223333333333,4.686092333333334,10.105005333333333,3.1254306666666665
1024,64,4,static,4,15.440810333333333,4.440307333333333,9.956125,3.3073536666666663
1024,64,4,static,8,15.468635,4.482863333333333,10.916549666666668,3.3361929999999997
1024,64,4,static,16,15.328154,4.575807999999999,10.088160333333333,3.3175156666666665
1024,64,4,static,32,11.56398,3.161848,7.908389,2.48409
1024,64,8,dynamic,2,19.745921,4.5366686666666665,13.534952333333335,3.417213
1024,64,8,dynamic,4,24.35769,4.219155,18.950928,3.639425
1024,64,8,dynamic,8,20.714034666666667,3.454114,13.574529666666669,2.847001
1024,64,8,dynamic,16,21.33932,3.704281,14.256235,2.765883
1024,64,8,dynamic,32,20.773681,3.3362986666666665,13.416441,2.503717
1024,64,8,guided,2,19.360138666666668,3.173118,12.985362666666665,2.3764236666666667
1024,64,8,guided,4,19.149553333333333,3.3578343333333334,13.020393666666669,2.476469333333333
1024,64,8,guided,8,19.277917,3.1784466666666664,12.707560666666666,2.3817466666666665
1024,64,8,guided,16,21.820173,3.338827,17.009151,3.47714
1024,64,8,guided,32,19.500215,3.4023416666666666,13.471471333333334,2.3865363333333334
1024,64,8,static,2,22.10381266666667,3.7954733333333337,14.458544333333334,3.062701666666667
1024,64,8,static,4,23.223353666666668,3.868268,14.544866666666666,3.348177
1024,64,8,static,8,20.426201666666667,3.6051853333333335,13.103669333333334,2.696474
1024,64,8,static,16,20.108277666666666,3.3791683333333338,13.090342333333334,2.5912003333333335
1024,64,8,static,32,19.251340666666668,3.4368583333333333,12.909395333333334,2.636725666666667
1024,64,12,dynamic,2,19.949046,4.4182673333333335,13.277261999999999,3.4031773333333333
1024,64,12,dynamic,4,19.614358333333332,3.5806636666666667,12.976639666666665,2.615683333333333
1024,64,12,dynamic,8,19.239699666666667,3.2548589999999997,13.000182,2.5182553333333337
1024,64,12,dynamic,16,19.626422333333334,3.034278666666667,13.205562666666665,2.449799666666667
1024,64,12,dynamic,32,18.80771633333333,3.0796086666666667,13.367558333333335,2.343363
1024,64,12,guided,2,19.173760666666666,3.062422,13.178118,2.3689896666666668
1024,64,12,guided,4,20.300791333333333,2.9638566666666666,13.052772333333332,2.4125253333333334
1024,64,12,guided,8,20.00636366666667,3.0716249999999996,13.199877333333333,2.3528806666666666
1024,64,12,guided,16,19.07739366666667,3.0523566666666664,13.085368,2.231901
1024,64,12,guided,32,19.45226,3.104969,13.194921666666666,2.359203
1024,64,12,static,2,19.404666000000002,3.265467,13.541175333333333,2.403526333333333
1024,64,12,static,4,19.831633333333333,3.280734666666666,13.345199666666668,2.608046
1024,64,12,static,8,19.736757666666666,3.2721746666666665,12.995930333333334,2.387891
1024,64,12,static,16,19.995726,3.389597,14.099078666666665,2.4725896666666665
1024,64,12,static,32,20.269409666666665,3.2013769999999995,13.428622333333331,2.445664333333333
1024,128,1,dynamic,2,9.201346000000001,10.333465333333335,6.958769,7.759557333333333
1024,128,1,dynamic,4,9.304822999999999,10.242916,6.955854666666666,7.363196333333334
1024,128,1,dynamic,8,9.914833,9.725686,7.060711,7.5252
1024,128,1,dynamic,16,16.453096333333335,17.336991333333334,12.258958999999999,12.284057333333331
1024,128,1,dynamic,32,16.550719666666666,16.91141233333333,12.438150666666667,12.154545333333331
1024,128,1,guided,2,16.561334666666664,17.977548,12.478884333333333,11.932954333333333
1024,128,1,guided,4,16.529836333333332,18.074523333333335,12.351449,11.896175333333334
1024,128,1,guided,8,16.556348333333332,18.041047333333335,12.324371333333334,11.930064000000002
1024,128,1,guided,16,16.562991999999998,18.023284333333333,12.408202666666666,11.957868333333332
1024,128,1,guided,32,16.511915,17.719130333333336,12.305325333333334,11.86559
1024,128,1,static,2,38.196428,38.879224,26.146694,26.410772
1024,128,1,static,4,9.198739000000002,9.626964333333333,6.8905400000000006,6.539919666666667
1024,128,1,static,8,9.553052000000001,9.520586333333332,7.000903999999999,6.816960333333333
1024,128,1,static,16,9.594183000000001,9.496411666666667,7.204850666666666,6.695201666666667
1024,128,1,static,32,9.394676,9.527464333333333,6.969735666666668,6.4625026666666665
1024,128,2,dynamic,2,16.557182333333333,13.094600666666667,12.345054666666664,9.292519333333333
1024,128,2,dynamic,4,16.650909666666667,11.33188,12.383842666666666,7.976854333333333
1024,128,2,dynamic,8,16.530906333333334,10.544490666666666,12.393894333333334,7.594784333333334
1024,128,2,dynamic,16,16.570051333333332,10.112784333333332,12.294187,7.192206666666667
1024,128,2,dynamic,32,16.448683666666668,10.218911,12.328923333333334,6.886863000000001
1024,128,2,guided,2,16.533619,10.882741666666666,12.363389666666665,6.859920666666667
1024,128,2,guided,4,16.550799333333334,10.830347999999999,12.365436333333335,6.707493333333333
1024,128,2,guided,8,16.533314333333333,10.508066,12.360336666666667,6.773367
1024,128,2,guided,16,16.591612,10.414005666666668,12.265575,6.685745666666667
1024,128,2,guided,32,16.425323666666667,10.228606000000001,12.280938,6.791979
1024,128,2,static,2,16.49467466666667,10.334641,12.332097333333332,6.899726
1024,128,2,static,4,16.402376666666665,10.425938333333333,12.321416333333334,6.785898
1024,128,2,static,8,16.626072666666666,9.668441,12.301375666666667,6.694877666666667
1024,128,2,static,16,16.635524,9.794351333333333,12.312767,6.617278333333334
1024,128,2,static,32,16.634773,10.008094999999999,12.418219,6.613648
1024,128,4,dynamic,2,16.180351333333334,9.501827,12.158602333333333,6.29868
1024,128,4,dynamic,4,16.194821666666666,8.404055999999999,12.147238333333334,5.39826
1024,128,4,dynamic,8,16.160091,7.883358666666666,12.109839333333333,5.032583333333334
1024,128,4,dynamic,16,16.184290999999998,7.648928333333333,12.112041666666668,4.864495333333333
1024,128,4,dynamic,32,16.65437533333333,7.406173333333334,11.782424,4.720235
1024,128,4,guided,2,16.483677333333333,7.327515666666667,12.317552000000001,4.650088666666666
1024,128,4,guided,4,16.351412666666665,7.482945666666667,12.235746666666666,4.687286333333333
1024,128,4,guided,8,16.386895,7.4936516666666675,12.257883666666666,4.609984666666667
1024,128,4,guided,16,16.970056666666668,7.455479666666666,12.928640999999999,4.823578333333334
1024,128,4,guided,32,17.079851333333334,7.533264333333334,12.759215666666668,4.645987666666667
1024,128,4,static,2,16.469728,7.503613333333334,12.366725666666667,4.701169999999999
1024,128,4,static,4,16.485320333333334,7.565190333333334,12.458841333333332,4.692136666666667
1024,128,4,static,8,16.524433,7.489151333333333,12.305662666666668,4.6861120000000005
1024,128,4,static,16,16.51923566666667,7.524118333333334,12.212612333333334,4.708901999999999
1024,128,4,static,32,16.285535333333332,7.669065,12.117552666666668,4.711098
1024,128,8,dynamic,2,17.569773666666666,5.904334666666666,12.926898333333334,4.211869
1024,128,8,dynamic,4,17.295944333333335,4.589329666666667,13.279486,3.3411779999999998
1024,128,8,dynamic,8,16.364987666666668,4.164275333333333,12.213518333333335,3.0121536666666664
1024,128,8,dynamic,16,16.299954333333336,3.9778936666666667,12.435263333333333,2.8798106666666663
1024,128,8,dynamic,32,16.828533,3.927235,12.845354999999998,2.811844333333333
1024,128,8,guided,2,16.736447000000002,3.8087020000000003,12.772287,2.7624150000000003
1024,128,8,guided,4,16.791397999999997,3.869930666666667,12.805313333333332,2.8220753333333337
1024,128,8,guided,8,16.86044133333333,3.849887333333333,13.044116333333335,2.7747843333333333
1024,128,8,guided,16,16.379398666666667,3.832993,12.416306333333333,2.7504033333333333
1024,128,8,guided,32,17.346738666666667,3.9569233333333336,12.512041000000002,2.7494150000000004
1024,128,8,static,2,16.955785666666667,4.025226666666668,12.579076,2.859659666666667
1024,128,8,static,4,17.63440233333333,4.026225,12.833084,3.0135899999999993
1024,128,8,static,8,16.653777333333334,3.966856,12.267153,2.8179383333333328
1024,128,8,static,16,16.631082,3.9400936666666664,12.430287333333334,2.8323816666666666
1024,128,8,static,32,17.265667333333337,3.9250493333333334,13.098693333333335,2.8470956666666667
1024,128,12,dynamic,2,9.277068666666667,3.1683940000000006,6.9364490000000005,2.7034490000000004
1024,128,12,dynamic,4,9.193340666666666,2.3610193333333336,6.903392666666666,1.6413086666666665
1024,128,12,dynamic,8,9.286057666666666,2.2061066666666664,7.0038089999999995,1.5308970000000002
1024,128,12,dynamic,16,9.235489000000001,2.1672279999999997,6.935439,1.4610536666666665
1024,128,12,dynamic,32,9.230854666666668,2.1687136666666667,6.936326666666666,1.429489
1024,128,12,guided,2,9.245153,2.019953,6.9036610000000005,1.4580840000000002
1024,128,12,guided,4,9.323037666666666,2.0227493333333335,6.942885333333334,1.484879
1024,128,12,guided,8,9.762466666666667,2.494168,7.139267333333333,1.656092
1024,128,12,guided,16,9.635036999999999,2.120791333333333,7.380475,1.554907
1024,128,12,guided,32,10.140155666666667,3.165538,7.146815666666668,1.4275
1024,128,12,static,2,16.48155733333333,2.882758333333333,12.589319333333334,2.3199413333333334
1024,128,12,static,4,16.9631,3.154343,12.615366666666667,2.284466
1024,128,12,static,8,16.264139,2.8742513333333335,12.291349,2.136688
1024,128,12,static,16,9.643251000000001,2.492439,7.109006666666667,1.4657463333333334
1024,128,12,static,32,9.171175666666668,2.093451333333333,6.952714666666668,1.5192213333333333
1024,512,1,dynamic,2,38.570755999999996,42.83477233333334,28.594388999999996,34.06977800000001
1024,512,1,dynamic,4,44.048120000000004,43.230484333333344,30.872944333333333,33.971009333333335
1024,512,1,dynamic,8,39.114842,40.233284,29.279345666666668,31.180130666666667
1024,512,1,dynamic,16,40.212672,40.043078,29.475671333333334,29.441504666666663
1024,512,1,dynamic,32,39.78030166666667,38.73963833333334,28.877726,28.452674666666667
1024,512,1,guided,2,39.60546,40.80126633333334,28.765002,27.747041333333332
1024,512,1,guided,4,40.01625166666667,40.67705766666666,29.669675333333334,29.026060333333334
1024,512,1,guided,8,38.85403066666667,40.085774,28.675836333333336,28.39620766666667
1024,512,1,guided,16,39.120077333333334,39.058897333333334,28.540983,28.093329
1024,512,1,guided,32,39.969895333333334,40.93608066666667,29.694057,29.725059
1024,512,1,static,2,43.092261,42.188485333333325,31.887777333333332,31.56978033333333
1024,512,1,static,4,44.58284233333333,45.218301,32.581134666666664,31.933862333333337
1024,512,1,static,8,41.269179333333334,40.757308,30.306318666666666,29.85361933333333
1024,512,1,static,16,41.938627333333336,40.17667933333333,30.205095,28.483791
1024,512,1,static,32,38.54826533333333,38.042078333333336,29.335407666666665,27.979361666666666
1024,512,2,dynamic,2,38.31998133333333,27.694553000000003,29.449376,22.253444
1024,512,2,dynamic,4,37.562662666666675,23.361606,28.280994000000003,18.040967666666667
1024,512,2,dynamic,8,37.926448333333326,22.12441366666667,28.382836666666666,17.425978666666666
1024,512,2,dynamic,16,38.026184,20.970832,28.317127666666664,16.298381000000003
1024,512,2,dynamic,32,37.84993766666667,20.662867666666667,28.349960666666664,15.508033
1024,512,2,guided,2,38.108089666666665,22.093424999999996,28.505406000000004,15.164119666666666
1024,512,2,guided,4,67.020179,42.802217,51.09074566666666,28.528619000000003
1024,512,2,guided,8,66.605158,43.240181,50.881146333333334,29.294465000000002
1024,512,2,guided,16,66.52047633333332,43.538579000000006,50.69374366666667,28.369654333333333
1024,512,2,guided,32,65.96507033333333,42.54762433333334,50.70069933333334,28.326454333333334
1024,512,2,static,2,68.629328,40.397882,34.44358,14.706726
1024,512,2,static,4,39.34525433333334,21.777561000000002,29.134017,15.232882000000002
1024,512,2,static,8,38.312795,20.308914,28.502201,14.686023666666665
1024,512,2,static,16,41.289491999999996,22.297465,31.710144333333332,16.469486
1024,512,2,static,32,38.086559333333334,20.227872,28.34221066666667,14.395891333333333
1024,512,4,dynamic,2,67.68094733333332,37.50401733333333,51.189243,25.620117000000004
1024,512,4,dynamic,4,66.098212,33.690866,51.185441,23.029949
1024,512,4,static,2,66.934929,30.920545,52.72949766666667,20.291702333333333
1024,512,4,static,4,70.226539,30.787507666666666,54.110112333333326,20.384958333333334
1024,512,4,static,8,70.060275,29.474842,53.218759,19.949949
1024,512,4,static,16,67.465013,30.489068333333336,51.213829999999994,20.102743666666665
1024,512,4,static,32,67.731248,29.822212999999994,52.369323666666666,19.961228666666667
